ssp_grouper_id,fee_type,code,code_type,is_anchor,association_rate,line_code_description
AE02Z,Facility,99211,CPT,true,1.0,"Office or other outpatient visit, established patient; May not require presence of physician, minimal"
AE02Z,Facility,99212,CPT,true,1.0,"Office or other outpatient visit, established patient; Straightforward medical decision making, 10-19 min"
AE02Z,Facility,99213,CPT,true,1.0,"Office or other outpatient visit, established patient; Low complexity medical decision making, 20-29 min"
AE02Z,Professional,99205,CPT,false,1.0,"Office or other outpatient visit, new patient; High complexity medical decision making, 60-74 min"
AE02Z,Facility,99202,CPT,true,1.0,"Office or other outpatient visit, new patient; Straightforward medical decision making, 15-29 min"
AE02Z,Facility,99203,CPT,true,1.0,"Office or other outpatient visit, new patient; Low complexity medical decision making, 30-44 min"
AE02Z,Facility,99204,CPT,true,1.0,"Office or other outpatient visit, new patient; Moderate complexity medical decision making, 45-59 min"
AE02Z,Professional,99215,CPT,false,1.0,"Office or other outpatient visit, established patient; High complexity medical decision making, 40-54 min"
AE02Z,Facility,99244,CPT,true,1.0,"Office or other outpatient consultation for a new or established patient, which requires a medically appropriate history and/or examination and moderate level of medical decision making. when using total time on the date of the encounter for code selection, 40 minutes must be met or exceeded"
AE02Z,Facility,99243,CPT,true,1.0,"Office or other outpatient consultation for a new or established patient, which requires a medically appropriate history and/or examination and low level of medical decision making. when using total time on the date of the encounter for code selection, 30 minutes must be met or exceeded"
AE02Z,Facility,99214,CPT,true,1.0,"Office or other outpatient visit, established patient; Moderate complexity medical decision making, 30-39 min"
AE02Z,Facility,G0463,HCPCS,true,1.0,Outpatient clinic visit to evaluate and treat patient
BE010,Facility,90792,CPT,true,1.0,Psychiatric diagnostic evaluation with medical services
BE010,Facility,90791,CPT,true,1.0,Psychiatric diagnostic evaluation
BT010,Facility,J0330,HCPCS,false,0.7814380291439627,"Injection, succinylcholine chloride, up to 20 MG"
BT010,Facility,0250,Rev Code,false,0.7593049466640635,General
BT010,Facility,0370,Rev Code,false,0.7288653023553008,General
BT010,Professional,00104,CPT,false,1.0,Anesthesia for electroconvulsive therapy
BT010,Facility,90870,CPT,true,1.0,Electroconvulsive therapy (includes necessary monitoring)
BT03Z,Facility,90846,CPT,true,1.0,Telephone counseling session with family (50 minutes) without patient
BT03Z,Facility,90839,CPT,true,1.0,Psychotherapy for crisis; First 60 minutes
BT03Z,Facility,90837,CPT,true,1.0,"Prolonged face-to-face psychotherapy session, 60 minutes"
BT03Z,Facility,90853,CPT,true,1.0,Group therapy for multiple individuals simultaneously
BT03Z,Facility,90836,CPT,true,1.0,"Psychotherapy, 45 minutes with patient when performed with an evaluation and management service (list separately in addition to the code for primary procedure)"
BT03Z,Facility,90838,CPT,true,1.0,"Psychotherapy, 60 minutes with patient when performed with an evaluation and management service (list separately in addition to the code for primary procedure)"
BT03Z,Facility,90832,CPT,true,1.0,"Psychotherapy for patient, 30 minutes session time"
BT03Z,Facility,90834,CPT,true,1.0,45-minute individual psychotherapy session with patient
BT03Z,Facility,90833,CPT,true,1.0,"Psychotherapy, 30 minutes with patient when performed with an evaluation and management service (list separately in addition to the code for primary procedure)"
BT03Z,Facility,90840,CPT,true,1.0,Psychotherapy for crisis; Each additional 30 minutes (list separately in addition to code for primary service)
BT03Z,Facility,90847,CPT,true,1.0,Family psychotherapy session of 50 minutes with all members present
CE010,Facility,93654,CPT,true,1.0,"Catheter electrophysiology study with arrhythmia induction, ablation, and 3d mapping"
CE010,Facility,93653,CPT,true,1.0,"Comprehensive EP study with catheter insertion, arrhythmia induction, and ablation of supraventricular tachycardia focus"
CE010,Facility,93656,CPT,true,1.0,"Comprehensive EP study with transseptal catheterization, induction, pacing/recording, his bundle and ablation of a-fib"
CE010,Facility,93620,CPT,true,1.0,"Comprehensive electrophysiologic evaluation including insertion and repositioning of multiple electrode catheters with induction or attempted induction of arrhythmia; With right atrial pacing and recording, right ventricular pacing and recording, his bundle recording"
CE010,Facility,93619,CPT,true,1.0,"Comprehensive electrophysiologic evaluation with right atrial pacing and recording, right ventricular pacing and recording, his bundle recording, including insertion and repositioning of multiple electrode catheters, without induction or attempted induction of arrhythmia"
CP010,Facility,83735,CPT,false,0.8832102603964244,Magnesium
CP010,Facility,80053,CPT,false,0.8832102603964244,"Comprehensive metabolic panel (CMP, 14 analytes)"
CP010,Facility,88307,CPT,false,0.9370384764865916,"Level v - surgical pathology, gross and microscopic examination"
CP010,Facility,C1894,HCPCS,false,1.0,"Introducer/sheath, other than guiding, other than intracardiac electrophysiological, non-laser"
CP010,Facility,85025,CPT,false,0.8832102603964244,CBC with automated differential WBC count
CP010,Facility,80197,CPT,false,0.8832102603964244,Tacrolimus
CP010,Facility,93505,CPT,true,1.0,Endomyocardial biopsy
CP020,Facility,0250,Rev Code,false,0.8836851237672693,General
CP020,Facility,93567,CPT,false,1.0,"Injection procedure during cardiac catheterization including imaging supervision, interpretation, and report; For supravalvular aortography (list separately in addition to code for primary procedure)"
CP020,Facility,C1769,HCPCS,false,1.0,Guide wire
CP020,Facility,93460,CPT,true,1.0,Catheterization of coronary artery for angiography with imaging and interpretation
CP020,Facility,99152,CPT,false,0.6533396296865734,"Moderate sedation services provided by the same physician or other qualified health care professional performing the diagnostic or therapeutic service that the sedation supports, requiring the presence of an independent trained observer to assist in the monitoring of the Patient's level of consciousness and physiological status; Initial 15 minutes of intraservice time, patient age 5 years or older"
CP020,Facility,93456,CPT,true,1.0,Catheter placement for coronary angiography with imaging and right heart catheterization
CP020,Facility,Q9967,HCPCS,false,0.9314349096180456,"Low osmolar contrast material, 300-399 MG/ML iodine concentration, per ML"
CP020,Facility,0370,Rev Code,false,0.6533396296865734,General
CP020,Facility,99153,CPT,false,0.6533396296865734,"Moderate sedation services provided by the same physician or other qualified health care professional performing the diagnostic or therapeutic service that the sedation supports, requiring the presence of an independent trained observer to assist in the monitoring of the Patient's level of consciousness and physiological status; Each additional 15 minutes intraservice time (list separately in addition to code for primary service)"
CP020,Facility,93454,CPT,true,1.0,"Catheter placement, coronary angiography, injection, imaging, interpretation"
CP020,Facility,82330,CPT,false,0.7130729864481978,Calcium; Ionized
CP020,Facility,J3010,HCPCS,false,0.9314349096180456,"Injection, fentanyl citrate, 0.1 MG"
CP020,Facility,J2250,HCPCS,false,0.9314349096180456,"Injection, midazolam hydrochloride, per 1 MG"
CP020,Professional,01920,CPT,false,1.0,Anesthesia for cardiac catheterization including coronary angiography and ventriculography (not to include swan-ganz catheter)
CP020,Facility,93453,CPT,true,1.0,Combined right and left heart catheterization including intraprocedural injection(s) for left ventriculography
CP020,Facility,0710,Rev Code,false,0.3893891805223045,General
CP020,Facility,C1894,HCPCS,false,1.0,"Introducer/sheath, other than guiding, other than intracardiac electrophysiological, non-laser"
CP020,Facility,J2405,HCPCS,false,0.9314349096180456,"Injection, ondansetron hydrochloride, per 1 MG"
CP020,Facility,93597,CPT,true,1.0,Right and left heart catheterization for congenital heart defect(s) including imaging guidance by the proceduralist to advance the catheter to the target zone(s); Abnormal native connections
CP020,Facility,93451,CPT,true,1.0,"Right heart catheterization, hemodynamic measurements and pressures only"
CP020,Facility,93458,CPT,true,1.0,"Catheter placement in coronary artery(s) for angiography, imaging, and injection for angiography/ventriculography"
CP020,Facility,93461,CPT,true,1.0,"Catheter placement for coronary angiography with right/left heart cath, graft angiography, intraprocedural injection"
CP020,Facility,J1644,HCPCS,false,0.9314349096180456,"Injection, heparin sodium, per 1000 units"
CP020,Facility,93459,CPT,true,1.0,"Catheter placement in coronary artery for coronary angiography, left heart catheterization and bypass graft angiography"
CP03Z,Facility,33263,CPT,true,1.0,Implant device exchange and dual lead system replacement
CP03Z,Facility,33264,CPT,true,1.0,Replacement of multiple-lead implantable defibrillator pulse generator
CP03Z,Facility,C1721,HCPCS,false,1.0,"Cardioverter-defibrillator, dual chamber (implantable)"
CP03Z,Facility,71045,CPT,false,0.8742565368645494,X-ray of chest for viewing single structure
CP03Z,Facility,C1777,HCPCS,false,1.0,"Lead, cardioverter-defibrillator, endocardial single coil (implantable)"
CP03Z,Facility,C1882,HCPCS,false,1.0,"Cardioverter-defibrillator, other than single or dual chamber (implantable)"
CP03Z,Facility,0710,Rev Code,false,0.8077095724385591,General
CP03Z,Facility,33249,CPT,true,1.0,Implantation of permanent pacemaker/defibrillator with lead(s)
CP03Z,Facility,C1722,HCPCS,false,1.0,"Cardioverter-defibrillator, single chamber (implantable)"
CP03Z,Facility,J2250,HCPCS,false,1.0,"Injection, midazolam hydrochloride, per 1 MG"
CP03Z,Facility,J3010,HCPCS,false,1.0,"Injection, fentanyl citrate, 0.1 MG"
CP03Z,Facility,J2405,HCPCS,false,1.0,"Injection, ondansetron hydrochloride, per 1 MG"
CP03Z,Professional,00534,CPT,false,0.5652405782317725,Anesthesia for transvenous insertion or replacement of pacing cardioverter-defibrillator
CP03Z,Facility,0370,Rev Code,false,1.0,General
CP03Z,Facility,33270,CPT,true,1.0,Insertion or replacement of subcutaneous implantable cardioverter-defibrillator (ICD) with electrode
CP03Z,Facility,33262,CPT,true,1.0,Implant replacement for single-lead defibrillator pulse generator
CP03Z,Facility,C1898,HCPCS,false,1.0,"Lead, pacemaker, other than transvenous vdd single pass"
CP03Z,Facility,J2704,HCPCS,false,1.0,"Injection, propofol, 10 MG"
CP03Z,Facility,J0690,HCPCS,false,1.0,"Injection, cefazolin sodium, 500 MG"
CP03Z,Facility,0250,Rev Code,false,1.0,General
CP03Z,Professional,93010,CPT,false,0.5675105485232067,"Electrocardiogram, routine ECG; Interpretation & report only"
CP03Z,Facility,C1896,HCPCS,false,1.0,"Lead, cardioverter-defibrillator, other than endocardial single or dual coil (implantable)"
CP040,Facility,93005,CPT,false,0.7755417956656346,"Electrocardiogram, routine ECG; Tracing only"
CP040,Facility,0795T,HCPCS,true,1.0,"Leadless pacemaker insertion, dual-chamber"
CP040,Professional,93010,CPT,false,0.5367088607594936,"Electrocardiogram, routine ECG; Interpretation & report only"
CP040,Professional,00530,CPT,false,1.0,Anesthesia for permanent transvenous pacemaker insertion
CP040,Facility,J2003,HCPCS,false,1.0,"Injection, lidocaine hydrochloride, 1 MG"
CP040,Facility,0250,Rev Code,false,1.0,General
CP040,Facility,J2704,HCPCS,false,1.0,"Injection, propofol, 10 MG"
CP040,Facility,0370,Rev Code,false,1.0,General
CP040,Facility,C1786,HCPCS,false,1.0,"Pacemaker, single chamber, rate-responsive (implantable)"
CP040,Facility,J0690,HCPCS,false,1.0,"Injection, cefazolin sodium, 500 MG"
CP040,Facility,C1760,HCPCS,false,1.0,"Closure device, vascular (implantable/insertable)"
CP040,Facility,J2250,HCPCS,false,1.0,"Injection, midazolam hydrochloride, per 1 MG"
CP040,Facility,J1644,HCPCS,false,1.0,"Injection, heparin sodium, per 1000 units"
CP040,Facility,0823T,HCPCS,true,1.0,"Leadless pacemaker insertion, atrial-only"
CP040,Facility,0710,Rev Code,false,0.7732198142414861,General
CP040,Facility,33274,CPT,true,1.0,"Leadless cardiac pacemaker insertion, single-chamber rv"
CP040,Facility,Q9967,HCPCS,false,1.0,"Low osmolar contrast material, 300-399 MG/ML iodine concentration, per ML"
CP040,Facility,J3010,HCPCS,false,1.0,"Injection, fentanyl citrate, 0.1 MG"
CP040,Facility,71045,CPT,false,0.8382352941176471,X-ray of chest for viewing single structure
CP05Z,Facility,J3010,HCPCS,false,1.0,"Injection, fentanyl citrate, 0.1 MG"
CP05Z,Facility,0710,Rev Code,false,0.8316995466241882,General
CP05Z,Facility,0250,Rev Code,false,1.0,General
CP05Z,Facility,71045,CPT,false,1.0,X-ray of chest for viewing single structure
CP05Z,Facility,J0690,HCPCS,false,1.0,"Injection, cefazolin sodium, 500 MG"
CP05Z,Facility,33235,CPT,false,1.0,Removal of transvenous pacemaker electrode(s); Dual lead system
CP05Z,Facility,33208,CPT,true,1.0,Insertion of transvenous permanent pacemaker with atrial and ventricular leads
CP05Z,Facility,C1898,HCPCS,false,1.0,"Lead, pacemaker, other than transvenous vdd single pass"
CP05Z,Professional,33233,CPT,false,0.6179775280898876,Removal of permanent pacemaker pulse generator only
CP05Z,Facility,C1785,HCPCS,false,1.0,"Pacemaker, dual chamber, rate-responsive (implantable)"
CP05Z,Facility,33207,CPT,true,1.0,Permanent pacemaker insertion/replacement with transvenous ventricular electrodes
CP05Z,Facility,93005,CPT,false,0.8057223379487808,"Electrocardiogram, routine ECG; Tracing only"
CP05Z,Facility,33217,CPT,true,1.0,Pacemaker insertion with atrial electrode only; Epicardial electrode insertion; Temporary pacemaker codes; Single/dual transvenous lead insertion (without generator)
CP05Z,Facility,J2250,HCPCS,false,1.0,"Injection, midazolam hydrochloride, per 1 MG"
CP05Z,Facility,33206,CPT,true,0.835130498713393,Pacemaker insertion with atrial electrode only; Epicardial electrode insertion; Temporary pacemaker codes; Single/dual transvenous lead insertion (without generator)
CP05Z,Facility,C1786,HCPCS,false,1.0,"Pacemaker, single chamber, rate-responsive (implantable)"
CP05Z,Professional,00530,CPT,false,0.6363636363636364,Anesthesia for permanent transvenous pacemaker insertion
CP05Z,Facility,33216,CPT,true,1.0,Pacemaker insertion with atrial electrode only; Epicardial electrode insertion; Temporary pacemaker codes; Single/dual transvenous lead insertion (without generator)
CP05Z,Facility,0370,Rev Code,false,1.0,General
CP05Z,Professional,93010,CPT,false,0.5486772291572171,"Electrocardiogram, routine ECG; Interpretation & report only"
CP060,Facility,J0690,HCPCS,false,1.0,"Injection, cefazolin sodium, 500 MG"
CP060,Facility,C1786,HCPCS,false,1.0,"Pacemaker, single chamber, rate-responsive (implantable)"
CP060,Facility,C2621,HCPCS,false,1.0,"Pacemaker, other than single or dual chamber (implantable)"
CP060,Professional,93010,CPT,false,0.5042643923240938,"Electrocardiogram, routine ECG; Interpretation & report only"
CP060,Facility,C1785,HCPCS,false,1.0,"Pacemaker, dual chamber, rate-responsive (implantable)"
CP060,Facility,33229,CPT,true,1.0,Removal of permanent pacemaker pulse generator with replacement; Multiple lead system
CP060,Facility,0250,Rev Code,false,1.0,General
CP060,Facility,33228,CPT,true,1.0,Removal of permanent pacemaker pulse generator with replacement; Dual lead system
CP060,Facility,J3010,HCPCS,false,1.0,"Injection, fentanyl citrate, 0.1 MG"
CP060,Facility,33227,CPT,true,1.0,Removal of permanent pacemaker pulse generator with replacement; Single lead system
CP060,Facility,J2250,HCPCS,false,1.0,"Injection, midazolam hydrochloride, per 1 MG"
CP07Z,Professional,93010,CPT,false,0.6624872845121266,"Electrocardiogram, routine ECG; Interpretation & report only"
CP07Z,Facility,C1874,HCPCS,false,1.0,"Stent, coated/covered, with delivery system"
CP07Z,Facility,J3010,HCPCS,false,1.0,"Injection, fentanyl citrate, 0.1 MG"
CP07Z,Facility,99152,CPT,false,0.7293675755764082,"Moderate sedation services provided by the same physician or other qualified health care professional performing the diagnostic or therapeutic service that the sedation supports, requiring the presence of an independent trained observer to assist in the monitoring of the Patient's level of consciousness and physiological status; Initial 15 minutes of intraservice time, patient age 5 years or older"
CP07Z,Facility,92937,CPT,true,1.0,"PCI via bypass graft, single vessel"
CP07Z,Facility,C9600,HCPCS,true,1.0,Percutaneous transcatheter placement of drug-eluting intracoronary stent; Single vessel
CP07Z,Facility,C1760,HCPCS,false,1.0,"Closure device, vascular (implantable/insertable)"
CP07Z,Facility,99153,CPT,false,0.7293675755764082,"Moderate sedation services provided by the same physician or other qualified health care professional performing the diagnostic or therapeutic service that the sedation supports, requiring the presence of an independent trained observer to assist in the monitoring of the Patient's level of consciousness and physiological status; Each additional 15 minutes intraservice time (list separately in addition to code for primary service)"
CP07Z,Facility,92928,CPT,true,1.0,"Percutaneous transcatheter placement of an intracoronary stent(s), with coronary angioplasty when performed, for a single major coronary artery or branch"
CP07Z,Facility,93005,CPT,false,0.5274102570767591,"Electrocardiogram, routine ECG; Tracing only"
CP07Z,Facility,Q9967,HCPCS,false,1.0,"Low osmolar contrast material, 300-399 MG/ML iodine concentration, per ML"
CP07Z,Facility,92933,CPT,true,1.0,"PCI with stent + atherectomy, single vessel"
CP07Z,Facility,92978,CPT,false,1.0,"Endoluminal imaging of coronary vessel or graft using intravascular ultrasound (ivus) or optical coherence tomography (OCT) during diagnostic evaluation and/or therapeutic intervention including imaging supervision, interpretation and report; Initial vessel (list separately in addition to code for primary procedure)"
CP07Z,Facility,0250,Rev Code,false,0.9938655090847651,General
CP07Z,Facility,J1644,HCPCS,false,1.0,"Injection, heparin sodium, per 1000 units"
CP07Z,Facility,J2250,HCPCS,false,1.0,"Injection, midazolam hydrochloride, per 1 MG"
CP07Z,Facility,92943,CPT,true,1.0,"PCI for chronic total occlusion (cto), single vessel"
CP07Z,Facility,85347,CPT,false,0.9148449481427569,Coagulation time; Activated
CP08Z,Facility,33286,CPT,true,1.0,Removal of subcutaneous cardiac rhythm monitor
CP08Z,Facility,C1764,HCPCS,false,1.0,"Event recorder, cardiac (implantable)"
CP08Z,Facility,33285,CPT,true,1.0,"Insertion of subcutaneous cardiac rhythm monitor, including programming"
CP10Z,Facility,36475,CPT,true,1.0,"Endovenous ablation therapy of incompetent vein, extremity, inclusive of all imaging guidance and monitoring, percutaneous, radiofrequency; First vein treated"
CP10Z,Facility,36478,CPT,true,0.49243379571248425,"Endovenous ablation therapy of incompetent vein, extremity, inclusive of all imaging guidance and monitoring, percutaneous, laser; First vein treated"
CP10Z,Facility,0250,Rev Code,false,1.0,General
CP10Z,Facility,36471,CPT,true,0.49243379571248425,"Injection of sclerosant; Multiple incompetent veins (other than telangiectasia), same leg"
CP10Z,Facility,36482,CPT,true,1.0,"Endovenous ablation therapy of incompetent vein, extremity, by transcatheter delivery of a chemical adhesive (e.g., cyanoacrylate) remote from the access site, inclusive of all imaging guidance and monitoring, percutaneous; First vein treated"
CP120,Facility,J3010,HCPCS,false,0.9590443686006825,"Injection, fentanyl citrate, 0.1 MG"
CP120,Facility,C1894,HCPCS,false,1.0,"Introducer/sheath, other than guiding, other than intracardiac electrophysiological, non-laser"
CP120,Facility,0250,Rev Code,false,0.7887372013651878,General
CP120,Facility,93650,CPT,true,1.0,"Intracardiac catheter ablation of atrioventricular node function, atrioventricular conduction for creation of complete heart block, with or without temporary pacemaker placement"
CP120,Professional,00537,CPT,false,0.5178791615289766,Anesthesia for cardiac electrophysiologic procedures including radiofrequency ablation
CP140,Facility,37241,CPT,true,1.0,"Vascular embolization or occlusion, inclusive of all radiological supervision and interpretation, intraprocedural roadmapping, and imaging guidance necessary to complete the intervention; Venous, other than hemorrhage (e.g., congenital or acquired venous malformations, venous and capillary hemangiomas, varices, varicoceles)"
CP140,Facility,99152,CPT,false,1.0,"Moderate sedation services provided by the same physician or other qualified health care professional performing the diagnostic or therapeutic service that the sedation supports, requiring the presence of an independent trained observer to assist in the monitoring of the Patient's level of consciousness and physiological status; Initial 15 minutes of intraservice time, patient age 5 years or older"
CP140,Professional,01930,CPT,false,0.872655478775913,Anesthesia for therapeutic interventional radiological procedures involving the venous/lymphatic system (not to include access to the central circulation); Not otherwise specified
CP140,Facility,0370,Rev Code,false,1.0,General
CP140,Facility,J2704,HCPCS,false,1.0,"Injection, propofol, 10 MG"
CP140,Facility,0710,Rev Code,false,0.7955378486055776,General
CP140,Facility,37242,CPT,true,1.0,"Vascular embolization or occlusion, inclusive of all radiological supervision and interpretation, intraprocedural roadmapping, and imaging guidance necessary to complete the intervention; Arterial, other than hemorrhage or tumor (e.g., congenital or acquired arterial malformations, arteriovenous malformations, arteriovenous fistulas, aneurysms, pseudoaneurysms)"
CP140,Professional,75774,CPT,false,0.5258620689655172,"Angiography, selective, each additional vessel studied after basic examination, radiological supervision and interpretation (list separately in addition to code for primary procedure)"
CP140,Facility,Q9967,HCPCS,false,1.0,"Low osmolar contrast material, 300-399 MG/ML iodine concentration, per ML"
CP140,Facility,C1760,HCPCS,false,1.0,"Closure device, vascular (implantable/insertable)"
CP140,Facility,36247,CPT,false,1.0,"Selective catheter placement, arterial system; Initial third order or more selective abdominal, pelvic, or lower extremity artery branch, within a vascular family"
CP140,Facility,0250,Rev Code,false,1.0,General
CP140,Facility,85610,CPT,false,0.8809561752988048,Prothrombin time (pt)
CP140,Facility,J2405,HCPCS,false,1.0,"Injection, ondansetron hydrochloride, per 1 MG"
CP140,Facility,37243,CPT,true,1.0,"Vascular embolization or occlusion, inclusive of all radiological supervision and interpretation, intraprocedural roadmapping, and imaging guidance necessary to complete the intervention; For tumors, organ ischemia, or infarction"
CP140,Facility,J3010,HCPCS,false,1.0,"Injection, fentanyl citrate, 0.1 MG"
CP140,Facility,J2250,HCPCS,false,1.0,"Injection, midazolam hydrochloride, per 1 MG"
CP140,Facility,37244,CPT,true,1.0,"Vascular embolization or occlusion, inclusive of all radiological supervision and interpretation, intraprocedural roadmapping, and imaging guidance necessary to complete the intervention; For hemorrhage or vascular or lymphatic extravasation"
CP140,Facility,76937,CPT,false,0.6338645418326693,"Ultrasound guidance for vascular access requiring ultrasound evaluation of potential access sites, documentation of selected vessel patency, concurrent real-time ultrasound visualization of vascular needle entry, with permanent recording and reporting (list separately in addition to code for primary procedure)"
DP02Z,Facility,85610,CPT,false,0.7729009843659526,Prothrombin time (pt)
DP02Z,Professional,77002,CPT,false,1.0,"Fluoroscopic guidance for needle placement (e.g., biopsy, aspiration, injection, localization device) (list separately in addition to code for primary procedure)"
DP02Z,Professional,20610,CPT,false,0.7801040784218807,"Arthrocentesis, aspiration and/or injection, major joint or bursa (e.g., shoulder, hip, knee); Without ultrasound guidance"
DP02Z,Facility,19000,CPT,true,1.0,Puncture aspiration of cyst of breast
DP02Z,Professional,88173,CPT,false,0.7457627118644068,"Cytopathology, evaluation of fine needle aspirate; Interpretation and report"
DP02Z,Facility,J3010,HCPCS,false,1.0,"Injection, fentanyl citrate, 0.1 MG"
DP02Z,Facility,55000,CPT,true,0.5366821077012159,"Puncture aspiration of hydrocele, tunica vaginalis, with or without injection of medication"
DP02Z,Facility,0272,Rev Code,false,0.8972495657209033,Sterile
DP02Z,Professional,00840,CPT,false,1.0,Anesthesia for intraperitoneal procedures in lower abdomen including laparoscopy; Not otherwise specified
DP02Z,Facility,76942,CPT,false,0.46546033584250146,"Ultrasonic guidance for needle placement (e.g., biopsy, aspiration, injection, localization device), imaging supervision and interpretation"
DP02Z,Facility,J1885,HCPCS,false,1.0,"Injection, ketorolac tromethamine, per 15 MG"
DP02Z,Facility,0370,Rev Code,false,0.44643891140706427,General
DP02Z,Professional,99152,CPT,false,0.5907511360598771,"Moderate sedation services provided by the same physician or other qualified health care professional performing the diagnostic or therapeutic service that the sedation supports, requiring the presence of an independent trained observer to assist in the monitoring of the Patient's level of consciousness and physiological status; Initial 15 minutes of intraservice time, patient age 5 years or older"
DP02Z,Facility,0250,Rev Code,false,1.0,General
DP02Z,Facility,J2704,HCPCS,false,1.0,"Injection, propofol, 10 MG"
DP02Z,Facility,61070,CPT,true,1.0,Puncture of shunt tubing or reservoir for aspiration or injection procedure
DP02Z,Facility,J2405,HCPCS,false,1.0,"Injection, ondansetron hydrochloride, per 1 MG"
DP02Z,Facility,J2250,HCPCS,false,1.0,"Injection, midazolam hydrochloride, per 1 MG"
DP02Z,Facility,50390,CPT,true,1.0,"Aspiration and/or injection of renal cyst or pelvis by needle, percutaneous"
DP02Z,Professional,10160,CPT,false,1.0,"Puncture aspiration of abscess, hematoma, bulla, or cyst"
DP02Z,Facility,60300,CPT,true,1.0,"Aspiration and/or injection, thyroid cyst"
DP02Z,Facility,49322,CPT,true,1.0,"Laparoscopy, surgical; With aspiration of cavity or cyst (e.g., ovarian cyst)"
DP02Z,Facility,J1100,HCPCS,false,1.0,"Injection, dexamethasone sodium phosphate, 1 MG"
DP02Z,Professional,77012,CPT,false,1.0,"Computed tomography (CT) guidance for needle placement (e.g., biopsy, aspiration, injection, localization device), radiological supervision and interpretation"
DP03Z,Facility,10021,CPT,true,0.30224195411243354,Fine needle aspiration biopsy without imaging guidance for initial lesion
DP03Z,Professional,99152,CPT,false,0.6547619047619048,"Moderate sedation services provided by the same physician or other qualified health care professional performing the diagnostic or therapeutic service that the sedation supports, requiring the presence of an independent trained observer to assist in the monitoring of the Patient's level of consciousness and physiological status; Initial 15 minutes of intraservice time, patient age 5 years or older"
DP03Z,Facility,88173,CPT,false,1.0,"Cytopathology, evaluation of fine needle aspirate; Interpretation and report"
DP03Z,Facility,10005,CPT,true,1.0,Ultrasound-guided fine needle aspiration biopsy of first lesion
DP03Z,Facility,10009,CPT,true,1.0,Fine needle aspiration biopsy with CT guidance
DP03Z,Facility,88305,CPT,false,1.0,"Level IV - surgical pathology, gross and microscopic examination"
DP03Z,Facility,10007,CPT,true,1.0,"Fine needle aspiration biopsy with fluoroscopic guidance, 1st lesion"
DP05Z,Facility,88313,CPT,false,1.0,"Special stain including interpretation and report; Group II, all other (e.g., iron, trichrome), except stain for microorganisms, stains for enzyme constituents, or immunocytochemistry and immunohistochemistry"
DP05Z,Facility,J2250,HCPCS,false,0.52368573079145,"Injection, midazolam hydrochloride, per 1 MG"
DP05Z,Facility,0272,Rev Code,false,1.0,Sterile
DP05Z,Facility,88341,CPT,false,1.0,"Immunohistochemistry or immunocytochemistry, per specimen; Each additional single antibody stain procedure (list separately in addition to code for primary procedure)"
DP05Z,Facility,50200,CPT,true,1.0,"Renal biopsy; Percutaneous, by trocar or needle"
DP05Z,Professional,19100,CPT,false,1.0,"Biopsy of breast; Percutaneous, needle core, not using imaging guidance (separate procedure)"
DP05Z,Facility,60100,CPT,true,1.0,"Biopsy thyroid, percutaneous core needle"
DP05Z,Facility,88342,CPT,false,1.0,"Immunohistochemistry, initial single antibody stain"
DP05Z,Professional,87070,CPT,false,0.10909090909090909,"Culture, bacterial; Any other source except urine, blood or stool, aerobic, with isolation and presumptive identification of isolates"
DP05Z,Facility,19081,CPT,true,1.0,"Biopsy, breast, with placement of breast localization device(s) (e.g., clip, metallic pellet), when performed, and imaging of the biopsy specimen, when performed, percutaneous; First lesion, including stereotactic guidance"
DP05Z,Facility,88305,CPT,false,1.0,"Level IV - surgical pathology, gross and microscopic examination"
DP05Z,Facility,32400,CPT,true,1.0,"Percutaneous biopsy, pleura/lung"
DP05Z,Facility,19085,CPT,true,1.0,"Biopsy, breast, with placement of breast localization device(s) (e.g., clip, metallic pellet), when performed, and imaging of the biopsy specimen, when performed, percutaneous; First lesion, including magnetic resonance guidance"
DP05Z,Facility,88173,CPT,false,1.0,"Cytopathology, evaluation of fine needle aspirate; Interpretation and report"
DP05Z,Facility,32408,CPT,true,1.0,"Core needle biopsy, lung or mediastinum, percutaneous, including imaging guidance, when performed"
DP05Z,Facility,19083,CPT,true,1.0,"Biopsy, breast, with placement of breast localization device(s) (e.g., clip, metallic pellet), when performed, and imaging of the biopsy specimen, when performed, percutaneous; First lesion, including ultrasound guidance"
DP05Z,Facility,49180,CPT,true,1.0,"Percutaneous biopsy, abdominal mass"
DP05Z,Facility,76942,CPT,false,0.8005940397621507,"Ultrasonic guidance for needle placement (e.g., biopsy, aspiration, injection, localization device), imaging supervision and interpretation"
DP05Z,Facility,77065,CPT,false,0.8005940397621507,"Diagnostic mammography with CAD, unilateral workup"
DP05Z,Professional,99152,CPT,false,0.6130204849789544,"Moderate sedation services provided by the same physician or other qualified health care professional performing the diagnostic or therapeutic service that the sedation supports, requiring the presence of an independent trained observer to assist in the monitoring of the Patient's level of consciousness and physiological status; Initial 15 minutes of intraservice time, patient age 5 years or older"
DP05Z,Facility,J3010,HCPCS,false,0.52368573079145,"Injection, fentanyl citrate, 0.1 MG"
DP05Z,Facility,48102,CPT,true,1.0,"Percutaneous biopsy, pancreas"
DP05Z,Facility,20206,CPT,true,1.0,"Biopsy, muscle, percutaneous needle"
DP05Z,Professional,87205,CPT,false,0.09090909090909091,"Smear, primary source with interpretation; Gram or giemsa stain for bacteria, fungi, or cell types"
DP05Z,Professional,85610,CPT,false,0.09504762984525678,Prothrombin time (pt)
DP05Z,Facility,62267,CPT,true,1.0,"Percutaneous biopsy, nucleus pulposus"
DP05Z,Facility,A4648,HCPCS,false,1.0,"Tissue marker, implantable, any type, each"
DP05Z,Professional,71045,CPT,false,0.9318807165409408,X-ray of chest for viewing single structure
DP06Z,Facility,77065,CPT,false,0.7089193921934136,"Diagnostic mammography with CAD, unilateral workup"
DP06Z,Facility,19287,CPT,true,1.0,"Percutaneous placement of breast localization device(s), each additional lesion, with MRI guidance"
DP06Z,Facility,19285,CPT,true,1.0,Percutaneous breast lesion localization with ultrasound guidance
DP06Z,Professional,88305,CPT,false,0.283495145631068,"Level IV - surgical pathology, gross and microscopic examination"
DP06Z,Facility,19281,CPT,true,1.0,"Percutaneous placement of breast marker, 1st lesion with mammography"
DP06Z,Facility,19283,CPT,true,1.0,"Percutaneous placement of breast localization device(s), initial lesion, with stereotactic guidance"
DP06Z,Facility,A4648,HCPCS,false,1.0,"Tissue marker, implantable, any type, each"
DP06Z,Facility,10035,CPT,true,1.0,Placement of soft tissue localization device (non-breast)
DP090,Facility,11771,CPT,true,1.0,Excision of pilonidal cyst or sinus; Extensive
DP090,Facility,0250,Rev Code,false,1.0,General
DP090,Facility,0370,Rev Code,false,1.0,General
DP090,Facility,J1100,HCPCS,false,0.9521522373540856,"Injection, dexamethasone sodium phosphate, 1 MG"
DP090,Facility,J7120,HCPCS,false,0.9521522373540856,"Ringers lactate infusion, up to 1000 CC"
DP090,Facility,11770,CPT,true,1.0,Excision of pilonidal cyst or sinus; Simple
DP090,Facility,J0690,HCPCS,false,0.9521522373540856,"Injection, cefazolin sodium, 500 MG"
DP090,Facility,11772,CPT,true,1.0,Excision of pilonidal cyst or sinus; Complicated
DP090,Facility,J2250,HCPCS,false,0.9521522373540856,"Injection, midazolam hydrochloride, per 1 MG"
DP090,Facility,88304,CPT,false,0.6606882295719845,"Level III - surgical pathology, gross and microscopic examination"
DP090,Facility,0710,Rev Code,false,1.0,General
DP090,Facility,J2704,HCPCS,false,0.9521522373540856,"Injection, propofol, 10 MG"
DP090,Facility,J3010,HCPCS,false,0.9521522373540856,"Injection, fentanyl citrate, 0.1 MG"
DP090,Professional,00300,CPT,false,1.0,"Anesthesia for all procedures on the integumentary system, muscles and nerves of head, neck, and posterior trunk, not otherwise specified"
DP090,Facility,J2405,HCPCS,false,0.9521522373540856,"Injection, ondansetron hydrochloride, per 1 MG"
DP090,Facility,0272,Rev Code,false,0.791828793774319,Sterile
DP11Z,Facility,11403,CPT,true,1.0,"Excision of benign lesion from trunk, arms, or legs; 2.1-3.0 CM"
DP11Z,Facility,J3010,HCPCS,false,0.7521805505586293,"Injection, fentanyl citrate, 0.1 MG"
DP11Z,Facility,11406,CPT,true,1.0,"Excision of benign lesion from trunk, arms, or legs; Over CM"
DP11Z,Facility,11644,CPT,true,1.0,Excision of malignant lesion from face/ear/eye/nose/lip
DP11Z,Facility,11446,CPT,true,1.0,"Excision of benign lesion: face, ears eyelids, nose, ear, over 4cm"
DP11Z,Facility,11601,CPT,true,1.0,"Excision of malignant lesion from trunk, arms, or legs; 0.6-1.0 CM diameter"
DP11Z,Facility,0370,Rev Code,false,0.6749350939800274,General
DP11Z,Facility,11642,CPT,true,1.0,Excision of malignant lesion from face/ear/eye/nose/lip
DP11Z,Facility,11604,CPT,true,1.0,"Excise malignant lesion of trunk, arms, or legs"
DP11Z,Facility,11442,CPT,true,1.0,"Excision of benign lesion: face, ears eyelids, nose, ear"
DP11Z,Facility,11606,CPT,true,1.0,"Excise malignant lesion of trunk, arms, or legs"
DP11Z,Facility,J1100,HCPCS,false,0.7521805505586293,"Injection, dexamethasone sodium phosphate, 1 MG"
DP11Z,Professional,12032,CPT,false,0.6122469277548857,"Repair, intermediate, wounds of scalp, axillae, trunk and/or extremities (excluding hands and feet); 2.6 CM to 7.5 CM"
DP11Z,Facility,11421,CPT,true,1.0,"Excision of benign lesion: scalp, neck, hands, feet, genitalia"
DP11Z,Facility,11440,CPT,true,1.0,"Excision of benign lesion: face, ears eyelids, nose, ear"
DP11Z,Facility,11646,CPT,true,1.0,Excision of malignant lesion from face/ear/eye/nose/lip
DP11Z,Facility,11623,CPT,true,1.0,"Excision of malignant lesionon scalp, neck, hands, feet, genitalia"
DP11Z,Facility,88305,CPT,false,1.0,"Level IV - surgical pathology, gross and microscopic examination"
DP11Z,Facility,11401,CPT,true,1.0,Excision of benign lesion 0.6-1.0cm. from trunk/arms/legs
DP11Z,Facility,J2405,HCPCS,false,0.7521805505586293,"Injection, ondansetron hydrochloride, per 1 MG"
DP11Z,Facility,11441,CPT,true,1.0,"Excision of benign lesion: face, ears eyelids, nose, ear"
DP11Z,Professional,00300,CPT,false,0.7489552160751908,"Anesthesia for all procedures on the integumentary system, muscles and nerves of head, neck, and posterior trunk, not otherwise specified"
DP11Z,Professional,11602,CPT,false,1.0,"Excise malignant lesion of trunk, arms, or legs with 1.1-2.0cm. diameter"
DP11Z,Professional,00400,CPT,false,0.6271132816774545,"Anesthesia for procedures on the integumentary system on the extremities, anterior trunk and perineum; Not otherwise specified"
DP11Z,Facility,11622,CPT,true,1.0,"Excision of malignant lesion 1.1 - 2.0 CM on scalp, neck, hands, feet, genitalia"
DP11Z,Facility,11620,CPT,true,1.0,"Excision of malignant lesion: scalp, neck, hands, feet, genitalia"
DP11Z,Facility,11420,CPT,true,1.0,"Excision of benign lesion: scalp, neck, hands, feet, genitalia"
DP11Z,Facility,11640,CPT,true,1.0,"Incision and removal of malignant lesion from face, ears, eyelids, nose, lips of diameter 0.5 CM or less"
DP11Z,Facility,11621,CPT,true,1.0,"Excision of malignant lesion 0.6-1.0cm. on scalp, neck, hands, feet, genitalia"
DP11Z,Facility,0710,Rev Code,false,0.7886446067229996,General
DP11Z,Facility,11424,CPT,true,1.0,"Excision of benign lesion: scalp, neck, hands, feet, genitalia"
DP11Z,Facility,11400,CPT,true,1.0,Excision of benign lesion <0.5
DP11Z,Facility,11641,CPT,true,1.0,"Excision of malignant lesion from face/ear/eye/nose/lip, 0.6-1.0 CM"
DP11Z,Facility,11624,CPT,true,1.0,"Excision of malignant lesionon scalp, neck, hands, feet, genitalia"
DP11Z,Facility,J2704,HCPCS,false,0.7521805505586293,"Injection, propofol, 10 MG"
DP11Z,Facility,0250,Rev Code,false,0.8454507443529332,General
DP11Z,Facility,11643,CPT,true,1.0,Excision of malignant lesion from face/ear/eye/nose/lip
DP11Z,Facility,11423,CPT,true,1.0,"Excision of benign lesion: scalp, neck, hands, feet, genitalia"
DP11Z,Facility,11443,CPT,true,1.0,"Excision of benign lesion: face, ears eyelids, nose, ear"
DP11Z,Facility,11422,CPT,true,1.0,"Excise benign lesion of scalp, neck, hands, feet, genitalia; 1.1-2.0 CM"
DP11Z,Facility,11402,CPT,true,1.0,"Excision of benign lesion of trunk, arms, or legs, 1.1-2.0 CM diameter"
DP11Z,Facility,11600,CPT,true,1.0,"Excise malignant lesion of trunk, arms, or legs"
DP11Z,Facility,11626,CPT,true,1.0,"Excision of malignant lesionon scalp, neck, hands, feet, genitalia, >4cm"
DP11Z,Professional,11603,CPT,false,1.0,"Excise malignant lesion of trunk, arms, or legs"
DP11Z,Facility,11444,CPT,true,1.0,"Excision of benign lesion: face, ears eyelids, nose, ear"
DP11Z,Facility,11404,CPT,true,1.0,"Excision of benign lesion from trunk, arms, or legs; 3.1-4cm"
DP11Z,Facility,11426,CPT,true,1.0,"Excision of benign lesion: scalp, neck, hands, feet, genitalia, over 4cm"
DP11Z,Facility,88304,CPT,false,1.0,"Level III - surgical pathology, gross and microscopic examination"
DP12Z,Facility,22901,CPT,true,1.0,"Excision, tumor, soft tissue of abdominal wall, subfascial (e.g., desmoid); 5 CM or greater"
DP12Z,Facility,27618,CPT,true,1.0,"Excision, tumor, soft tissue of leg or ankle area, subcutaneous; Less than 3 CM"
DP12Z,Facility,J2704,HCPCS,false,0.9457130917850647,"Injection, propofol, 10 MG"
DP12Z,Professional,01250,CPT,false,0.7441951987406533,"Anesthesia for all procedures on nerves, muscles, tendons, fascia, and bursae of upper leg"
DP12Z,Facility,0272,Rev Code,false,0.8333661078609704,Sterile
DP12Z,Facility,21930,CPT,true,1.0,"Soft tissue, back/flank, subcutaneous"
DP12Z,Facility,21014,CPT,true,1.0,"Excision of soft tissue tumor, face/scalp, subfascial; 2.0 CM or greater"
DP12Z,Professional,76098,CPT,false,0.6819474652835871,"Radiological examination, surgical specimen"
DP12Z,Professional,00400,CPT,false,0.9685119720112058,"Anesthesia for procedures on the integumentary system on the extremities, anterior trunk and perineum; Not otherwise specified"
DP12Z,Facility,J3010,HCPCS,false,0.9457130917850647,"Injection, fentanyl citrate, 0.1 MG"
DP12Z,Facility,19120,CPT,true,1.0,"Open excision, breast lesion, no margins"
DP12Z,Facility,27327,CPT,true,1.0,"Excision, tumor, soft tissue of thigh or knee area, subcutaneous; Less than 3 CM"
DP12Z,Facility,27632,CPT,true,1.0,"Excision, tumor, soft tissue of leg or ankle area, subfascial (e.g., intramuscular); Less than 5 CM"
DP12Z,Facility,27619,CPT,true,1.0,"Excision, tumor, soft tissue of leg or ankle area, subcutaneous; 3 CM or greater"
DP12Z,Professional,00800,CPT,false,0.6218487394957983,Anesthesia for procedures on lower anterior abdominal wall; Not otherwise specified
DP12Z,Facility,19125,CPT,true,1.0,"Excision of breast lesion identified by preoperative placement of radiological marker, open; Single lesion"
DP12Z,Facility,J0690,HCPCS,false,0.9457130917850647,"Injection, cefazolin sodium, 500 MG"
DP12Z,Facility,27328,CPT,true,1.0,"Excision, tumor, soft tissue of thigh or knee area, subcutaneous; 3 CM or greater"
DP12Z,Facility,21933,CPT,true,1.0,"Excision of soft tissue tumor, back/flank, subfascial; 5 CM or greater"
DP12Z,Facility,0250,Rev Code,false,0.9935843862150336,General
DP12Z,Facility,0370,Rev Code,false,0.9650090949314193,General
DP12Z,Facility,88305,CPT,false,0.8978049260115039,"Level IV - surgical pathology, gross and microscopic examination"
DP12Z,Facility,27337,CPT,true,1.0,"Excision, tumor, soft tissue of thigh or knee area, subfascial (e.g., intramuscular); Less than 5 CM"
DP12Z,Facility,21013,CPT,true,1.0,"Excision of soft tissue tumor, face/scalp, subfascial; Less than 2.0 CM"
DP12Z,Facility,23076,CPT,true,1.0,"Excision of soft tissue tumor, shoulder; Radical resection"
DP12Z,Facility,21012,CPT,true,1.0,"Excision of soft tissue tumor, face/scalp, subcutaneous; 2.0-3.9 CM"
DP12Z,Professional,01610,CPT,false,0.813158969601728,"Anesthesia for all procedures on nerves, muscles, tendons, fascia, and bursae of shoulder and axilla"
DP12Z,Professional,88342,CPT,false,0.8461538461538461,"Immunohistochemistry, initial single antibody stain"
DP12Z,Facility,27339,CPT,true,1.0,"Excision, tumor, soft tissue of thigh or knee area, subfascial (e.g., intramuscular); 5 CM or greater"
DP12Z,Facility,J2250,HCPCS,false,0.9457130917850647,"Injection, midazolam hydrochloride, per 1 MG"
DP12Z,Facility,22902,CPT,true,1.0,"Excision, tumor, soft tissue of abdominal wall, subcutaneous; Less than 3 CM"
DP12Z,Facility,23073,CPT,true,1.0,"Excision of soft tissue tumor, shoulder, subfascial; Less than 5 CM"
DP12Z,Professional,88341,CPT,false,0.7692307692307693,"Immunohistochemistry or immunocytochemistry, per specimen; Each additional single antibody stain procedure (list separately in addition to code for primary procedure)"
DP12Z,Facility,21920,CPT,true,1.0,"Soft tissue tumor excision, hip or pelvis; Subcutaneous"
DP12Z,Facility,23071,CPT,true,1.0,"Soft tissue, shoulder, subcutaneous/subfascial"
DP12Z,Facility,22903,CPT,true,1.0,"Excision, tumor, soft tissue of abdominal wall, subcutaneous; 3 CM or greater"
DP12Z,Facility,21932,CPT,true,1.0,"Excision of soft tissue tumor, back/flank, subfascial; Less than 5 CM"
DP12Z,Facility,21931,CPT,true,1.0,"Excision of soft tissue tumor, back/flank, subcutaneous; 3.0-4.9 CM"
DP12Z,Facility,J1100,HCPCS,false,0.9457130917850647,"Injection, dexamethasone sodium phosphate, 1 MG"
DP12Z,Professional,00300,CPT,false,0.9062468560879651,"Anesthesia for all procedures on the integumentary system, muscles and nerves of head, neck, and posterior trunk, not otherwise specified"
DP12Z,Facility,27634,CPT,true,1.0,"Excision, tumor, soft tissue of leg or ankle area, subfascial (e.g., intramuscular); 5 CM or greater"
DP12Z,Facility,0710,Rev Code,false,1.0,General
DP12Z,Facility,88304,CPT,false,0.8978049260115039,"Level III - surgical pathology, gross and microscopic examination"
DP12Z,Professional,01470,CPT,false,0.9621212121212123,"Anesthesia for procedures on nerves, muscles, tendons, and fascia of lower leg, ankle, and foot; Not otherwise specified"
DP12Z,Professional,76942,CPT,false,1.0,"Ultrasonic guidance for needle placement (e.g., biopsy, aspiration, injection, localization device), imaging supervision and interpretation"
DP12Z,Facility,J2405,HCPCS,false,0.9457130917850647,"Injection, ondansetron hydrochloride, per 1 MG"
DP12Z,Facility,88307,CPT,false,0.8978049260115039,"Level v - surgical pathology, gross and microscopic examination"
DP12Z,Facility,21011,CPT,true,1.0,"Soft tissue, face/scalp, subcutaneous"
DP12Z,Facility,22900,CPT,true,1.0,"Excision, tumor, soft tissue of abdominal wall, subfascial (e.g., desmoid); Less than 5 CM"
DP12Z,Facility,23075,CPT,true,1.0,"Excision of soft tissue tumor, shoulder, subfascial; 5 CM or greater"
DP130,Facility,J3010,HCPCS,false,0.9858611825192802,"Injection, fentanyl citrate, 0.1 MG"
DP130,Facility,21936,CPT,true,1.0,"Radical resection, soft tissue, back/flank"
DP130,Facility,23078,CPT,true,1.0,"Radical resection, soft tissue, shoulder"
DP130,Facility,0370,Rev Code,false,1.0,General
DP130,Professional,01756,CPT,false,1.0,Anesthesia for open or surgical arthroscopic procedures of the elbow; Radical procedures
DP130,Facility,27059,CPT,true,1.0,"Radical resection, soft tissue, pelvis/hip"
DP130,Facility,21016,CPT,true,1.0,"Radical resection, soft tissue, face/scalp"
DP130,Professional,01610,CPT,false,1.0,"Anesthesia for all procedures on nerves, muscles, tendons, fascia, and bursae of shoulder and axilla"
DP130,Facility,J2250,HCPCS,false,0.9858611825192802,"Injection, midazolam hydrochloride, per 1 MG"
DP130,Facility,J2704,HCPCS,false,0.9858611825192802,"Injection, propofol, 10 MG"
DP130,Facility,J0690,HCPCS,false,0.9858611825192802,"Injection, cefazolin sodium, 500 MG"
DP130,Facility,0710,Rev Code,false,1.0,General
DP130,Professional,01150,CPT,false,0.8181818181818182,"Anesthesia for radical procedures for tumor of pelvis, except hindquarter amputation"
DP130,Facility,27364,CPT,true,1.0,"Radical resection, soft tissue, thigh/knee"
DP130,Facility,J1100,HCPCS,false,0.9858611825192802,"Injection, dexamethasone sodium phosphate, 1 MG"
DP130,Facility,24079,CPT,true,1.0,"Radical resection, soft tissue, upper arm/elbow"
DP130,Facility,J2405,HCPCS,false,0.9858611825192802,"Injection, ondansetron hydrochloride, per 1 MG"
DP130,Facility,27616,CPT,true,1.0,"Radical resection, soft tissue, leg/ankle"
DP130,Facility,0272,Rev Code,false,0.8521850899742931,Sterile
DP130,Facility,88305,CPT,false,0.9113110539845758,"Level IV - surgical pathology, gross and microscopic examination"
DP130,Facility,21558,CPT,true,1.0,"Radical resection, soft tissue, neck/anterior thorax"
DP130,Facility,0250,Rev Code,false,1.0,General
DP130,Professional,01470,CPT,false,1.0,"Anesthesia for procedures on nerves, muscles, tendons, and fascia of lower leg, ankle, and foot; Not otherwise specified"
DP130,Professional,00400,CPT,false,0.782608695652174,"Anesthesia for procedures on the integumentary system on the extremities, anterior trunk and perineum; Not otherwise specified"
DP130,Professional,00300,CPT,false,0.8729096989966555,"Anesthesia for all procedures on the integumentary system, muscles and nerves of head, neck, and posterior trunk, not otherwise specified"
DP130,Professional,01250,CPT,false,1.0,"Anesthesia for all procedures on nerves, muscles, tendons, fascia, and bursae of upper leg"
EE01Z,Facility,99283,CPT,true,1.0,"ED visit for moderate complexity assessment, history, exam, & counseling"
EE01Z,Facility,99284,CPT,true,1.0,Emergency department visit for moderate complexity evaluation and management with counseling/coordination of care
EE01Z,Facility,99285,CPT,true,1.0,ED visit for complex medical decision-making involving history/exam/counseling
EE01Z,Facility,99282,CPT,true,1.0,Emergency department visit for low complexity e/m with expanded history and exam
EE01Z,Facility,99281,CPT,true,1.0,"Emergency department visit for evaluation, exam, and decision-making for minor problem"
EE02Z,Facility,97597,CPT,true,1.0,"Debridement (e.g., high pressure waterjet with/without suction, sharp selective debridement with scissors, scalpel and forceps), open wound; First 20 SQ CM or less"
EE02Z,Facility,13131,CPT,true,0.9277890193552728,"Repair, complex, forehead, cheeks, chin, mouth, neck, axillae, genitalia, hands and/or feet; 1.1 CM to 2.5 CM"
EE02Z,Facility,12014,CPT,true,0.9277890193552728,"Simple repair of superficial wounds of face, ears, eyelids, nose, lips and/or mucous membranes; 5.1 CM to 7.5 CM"
EE02Z,Facility,12002,CPT,true,0.9277890193552728,"Simple repair of superficial wounds of scalp, neck, axillae, external genitalia, trunk and/or extremities (including hands and feet); 2.6 CM to 7.5 CM"
EE02Z,Facility,12051,CPT,true,0.9277890193552728,"Repair, intermediate, wounds of face, ears, eyelids, nose, lips and/or mucous membranes; 2.5 CM or less"
EE02Z,Facility,12042,CPT,true,0.9277890193552728,"Repair, intermediate, wounds of neck, hands, feet and/or external genitalia; 2.6 CM to 7.5 CM"
EE02Z,Facility,13100,CPT,true,0.30403206813517447,"Repair, complex, trunk; 1.1 CM to 2.5 CM"
EE02Z,Facility,97602,CPT,true,1.0,"Removal of devitalized tissue from wound(s); Non-selective debridement, without anesthesia (e.g., wet-to-moist dressings, enzymatic, abrasion, larval therapy), including topical application(s), wound assessment, and instruction(s) for ongoing care, per session"
EE02Z,Facility,13152,CPT,true,0.30403206813517447,"Repair, complex, eyelids, nose, ears and/or lips; 2.6 CM to 7.5 CM"
EE02Z,Facility,12041,CPT,true,0.9277890193552728,"Repair, intermediate, wounds of neck, hands, feet and/or external genitalia; 2.5 CM or less"
EE02Z,Facility,13132,CPT,true,0.30403206813517447,"Repair, complex, forehead, cheeks, chin, mouth, neck, axillae, genitalia, hands and/or feet; 2.6 CM to 7.5 CM"
EE02Z,Facility,12013,CPT,true,0.9277890193552728,"Simple repair of superficial wounds of face, ears, eyelids, nose, lips and/or mucous membranes; 2.6 CM to 5.0 CM"
EE02Z,Facility,12021,CPT,true,0.30403206813517447,Treatment of superficial wound dehiscence; With packing
EE02Z,Facility,12045,CPT,true,0.9277890193552728,"Repair, intermediate, wounds of neck, hands, feet and/or external genitalia; 12.6 CM to 20.0 CM"
EE02Z,Facility,12037,CPT,true,0.30403206813517447,"Repair, intermediate, wounds of scalp, axillae, trunk and/or extremities (excluding hands and feet); Over 30.0 CM"
EE02Z,Facility,12032,CPT,true,0.9277890193552728,"Repair, intermediate, wounds of scalp, axillae, trunk and/or extremities (excluding hands and feet); 2.6 CM to 7.5 CM"
EE02Z,Facility,12006,CPT,true,0.9277890193552728,"Simple repair of superficial wounds of scalp, neck, axillae, external genitalia, trunk and/or extremities (including hands and feet); 20.1 CM to 30.0 CM"
EE02Z,Facility,13121,CPT,true,0.30403206813517447,"Repair, complex, scalp, arms, and/or legs; 2.6 CM to 7.5 CM"
EE02Z,Facility,13120,CPT,true,0.30403206813517447,"Repair, complex, scalp, arms, and/or legs; 1.1 CM to 2.5 CM"
EE02Z,Facility,12053,CPT,true,0.9277890193552728,"Repair, intermediate, wounds of face, ears, eyelids, nose, lips and/or mucous membranes; 5.1 CM to 7.5 CM"
EE02Z,Facility,12044,CPT,true,0.9277890193552728,"Repair, intermediate, wounds of neck, hands, feet and/or external genitalia; 7.6 CM to 12.5 CM"
EE02Z,Facility,12034,CPT,true,0.9277890193552728,"Repair, intermediate, wounds of scalp, axillae, trunk and/or extremities (excluding hands and feet); 7.6 CM to 12.5 CM"
EE02Z,Facility,12035,CPT,true,0.9277890193552728,"Repair, intermediate, wounds of scalp, axillae, trunk and/or extremities (excluding hands and feet); 12.6 CM to 20.0 CM"
EE02Z,Facility,13151,CPT,true,0.30403206813517447,"Repair, complex, eyelids, nose, ears and/or lips; 1.1 CM to 2.5 CM"
EE02Z,Facility,12015,CPT,true,0.9277890193552728,"Simple repair of superficial wounds of face, ears, eyelids, nose, lips and/or mucous membranes; 7.6 CM to 12.5 CM"
EE02Z,Facility,13101,CPT,true,0.30403206813517447,"Repair, complex, trunk; 2.6 CM to 7.5 CM"
EE02Z,Facility,12011,CPT,true,0.9277890193552728,"Simple repair, face/ears/eyelids, <=2.5cm"
EE02Z,Facility,12004,CPT,true,0.9277890193552728,"Simple repair of superficial wounds of scalp, neck, axillae, external genitalia, trunk and/or extremities (including hands and feet); 7.6 CM to 12.5 CM"
EE02Z,Facility,12054,CPT,true,0.9277890193552728,"Repair, intermediate, wounds of face, ears, eyelids, nose, lips and/or mucous membranes; 7.6 CM to 12.5 CM"
EE02Z,Facility,12052,CPT,true,0.9277890193552728,"Repair, intermediate, wounds of face, ears, eyelids, nose, lips and/or mucous membranes; 2.6 CM to 5.0 CM"
EE02Z,Facility,12001,CPT,true,0.9277890193552728,"Simple repair, trunk/extremities, <=2.5cm"
EE02Z,Facility,12005,CPT,true,0.9277890193552728,"Simple repair of superficial wounds of scalp, neck, axillae, external genitalia, trunk and/or extremities (including hands and feet); 12.6 CM to 20.0 CM"
EE02Z,Facility,12031,CPT,true,0.9277890193552728,"Repair, intermediate, wounds of scalp, axillae, trunk and/or extremities (excluding hands and feet); 2.5 CM or less"
EE02Z,Facility,12036,CPT,true,0.9277890193552728,"Repair, intermediate, wounds of scalp, axillae, trunk and/or extremities (excluding hands and feet); 20.1 CM to 30.0 CM"
EE02Z,Facility,12020,CPT,true,0.30403206813517447,Treatment of superficial wound dehiscence; Simple closure
EM010,Facility,99291,CPT,true,1.0,"Critical care, evaluation, and management; 30 - 74 minutes"
GP01Z,Facility,0370,Rev Code,false,1.0,General
GP01Z,Facility,44970,CPT,true,1.0,Surgical laparoscopy to remove appendix
GP01Z,Facility,J1100,HCPCS,false,0.9701806071474318,"Injection, dexamethasone sodium phosphate, 1 MG"
GP01Z,Facility,88304,CPT,false,0.8731138721660049,"Level III - surgical pathology, gross and microscopic examination"
GP01Z,Facility,0272,Rev Code,false,1.0,Sterile
GP01Z,Facility,J7120,HCPCS,false,0.9701806071474318,"Ringers lactate infusion, up to 1000 CC"
GP01Z,Facility,0250,Rev Code,false,1.0,General
GP01Z,Facility,J1885,HCPCS,false,0.9701806071474318,"Injection, ketorolac tromethamine, per 15 MG"
GP01Z,Facility,85025,CPT,false,0.7542205712821827,CBC with automated differential WBC count
GP01Z,Facility,J2405,HCPCS,false,0.9701806071474318,"Injection, ondansetron hydrochloride, per 1 MG"
GP01Z,Facility,0710,Rev Code,false,1.0,General
GP01Z,Facility,J2704,HCPCS,false,0.9701806071474318,"Injection, propofol, 10 MG"
GP01Z,Facility,J3010,HCPCS,false,0.9701806071474318,"Injection, fentanyl citrate, 0.1 MG"
GP01Z,Facility,J2250,HCPCS,false,0.9701806071474318,"Injection, midazolam hydrochloride, per 1 MG"
GP01Z,Professional,00840,CPT,false,0.8234799663771365,Anesthesia for intraperitoneal procedures in lower abdomen including laparoscopy; Not otherwise specified
GP02Z,Facility,J7120,HCPCS,false,0.9770060975233059,"Ringers lactate infusion, up to 1000 CC"
GP02Z,Facility,J3010,HCPCS,false,0.9770060975233059,"Injection, fentanyl citrate, 0.1 MG"
GP02Z,Facility,0250,Rev Code,false,1.0,General
GP02Z,Facility,0370,Rev Code,false,1.0,General
GP02Z,Facility,0272,Rev Code,false,0.9970346391217589,Sterile
GP02Z,Facility,J2704,HCPCS,false,0.9770060975233059,"Injection, propofol, 10 MG"
GP02Z,Facility,J0690,HCPCS,false,0.9770060975233059,"Injection, cefazolin sodium, 500 MG"
GP02Z,Facility,0710,Rev Code,false,1.0,General
GP02Z,Facility,88304,CPT,false,0.8565506675150893,"Level III - surgical pathology, gross and microscopic examination"
GP02Z,Facility,J1100,HCPCS,false,0.9770060975233059,"Injection, dexamethasone sodium phosphate, 1 MG"
GP02Z,Facility,J2405,HCPCS,false,0.9770060975233059,"Injection, ondansetron hydrochloride, per 1 MG"
GP02Z,Facility,47563,CPT,true,1.0,Laparoscopic cholecystectomy with cholangiography
GP02Z,Facility,47562,CPT,true,1.0,Minimally invasive removal of gallbladder via laparoscope
GP02Z,Professional,00790,CPT,false,0.8576126906418693,Anesthesia for intraperitoneal procedures in upper abdomen including laparoscopy; Not otherwise specified
GP02Z,Facility,J2250,HCPCS,false,0.9770060975233059,"Injection, midazolam hydrochloride, per 1 MG"
GP03Z,Facility,G0105,HCPCS,true,1.0,Colorectal cancer screening colonoscopy; Individual at high risk
GP03Z,Facility,45390,CPT,true,1.0,Flexible endoscopic colonoscopy with mucosal resection
GP03Z,Facility,0710,Rev Code,false,0.9448752158038584,General
GP03Z,Facility,0272,Rev Code,false,0.7587263155442973,Sterile
GP03Z,Professional,00812,CPT,false,0.75077380112459,"Anesthesia for lower intestinal endoscopic procedures, endoscope introduced distal to duodenum; Screening colonoscopy"
GP03Z,Facility,0250,Rev Code,false,0.8456125421027008,General
GP03Z,Facility,C1726,HCPCS,false,0.7587263155442973,"Catheter, balloon dilatation, non-vascular"
GP03Z,Facility,45386,CPT,true,1.0,Flexible endoscopic balloon dilation colonoscopy
GP03Z,Facility,88305,CPT,false,0.8087973554192261,"Level IV - surgical pathology, gross and microscopic examination"
GP03Z,Facility,45388,CPT,true,1.0,Flexible colonoscopy with ablation of lesions (including dilation/guidewire)
GP03Z,Facility,45380,CPT,true,1.0,Endoscopic colon biopsy with flexible scope for diagnosis
GP03Z,Facility,44388,CPT,true,1.0,Diagnostic stoma colonoscopy with brushing/washing specimen collection
GP03Z,Facility,0370,Rev Code,false,1.0,General
GP03Z,Facility,J2704,HCPCS,false,1.0,"Injection, propofol, 10 MG"
GP03Z,Facility,45382,CPT,true,1.0,Flexible colonoscopy with control of bleeding of any technique
GP03Z,Facility,44394,CPT,true,1.0,"Colonoscopy via stoma; Tumor, polyp, lesion resection via snare"
GP03Z,Facility,45381,CPT,true,1.0,Flexible colonoscopy with submucosal injections of any substance
GP03Z,Facility,45378,CPT,true,1.0,"Flexible endoscopy to diagnose colon, with specimen collection"
GP03Z,Facility,45392,CPT,true,1.0,Flexible endoscopic colonoscopy with endoscopic ultrasound and intramural or transmural biopsy
GP03Z,Facility,45391,CPT,true,1.0,"Endoscopic ultrasound colonoscopy to examine rectum, colon, cecum, and adjacent structures"
GP03Z,Facility,45398,CPT,true,1.0,"Colonoscopy, flexible; With band ligation(s) (e.g., hemorrhoids)"
GP03Z,Facility,44389,CPT,true,1.0,Colonostomy endoscopy with biopsy(s); Diagnosis/surveillance
GP03Z,Facility,45379,CPT,true,1.0,Flexible colonoscopy with foreign body removal
GP03Z,Facility,G0121,HCPCS,true,1.0,Colorectal cancer screening colonoscopy; Individual not at high risk
GP03Z,Facility,45385,CPT,true,1.0,Colonoscopy with snare resection of tumor/polyps/lesions
GP03Z,Facility,45384,CPT,true,1.0,Flexible endoscopic colonoscopy with hot biopsy forceps excision of lesion
GP03Z,Professional,00811,CPT,false,0.6156831772171409,"Anesthesia for lower intestinal endoscopic procedures, endoscope introduced distal to duodenum; Not otherwise specified"
GP04Z,Facility,43253,CPT,true,1.0,EGD with transendoscopic ultrasound-guided transmural injection of diagnostic or therapeutic substance(s) or fiducial marker(s)
GP04Z,Facility,43239,CPT,true,1.0,"Flexible transoral examination of esophagus, stomach & duodenum with biopsy - diag"
GP04Z,Facility,0370,Rev Code,false,1.0,General
GP04Z,Facility,43254,CPT,true,1.0,"EGD with emr; EGD with bleeding control, dilation, ERCP variants"
GP04Z,Facility,43238,CPT,true,1.0,Esophagogastroduodenoscopy with tus-guided intramural fna/biopsy
GP04Z,Facility,43255,CPT,true,1.0,"EGD with emr; EGD with bleeding control, dilation, ERCP variants"
GP04Z,Facility,43270,CPT,true,1.0,Flexible endoscopic removal of tumors through the mouth
GP04Z,Facility,43251,CPT,true,1.0,"Flexible esophagogastroduodenoscopy with snare-removal of tumor, polyp, or lesion"
GP04Z,Facility,43246,CPT,true,1.0,Flexible endoscopy to place gastrostomy tube in esophagus
GP04Z,Facility,43236,CPT,true,1.0,Flexible endoscopic examination of upper GI with submucosal injections
GP04Z,Facility,J2405,HCPCS,false,1.0,"Injection, ondansetron hydrochloride, per 1 MG"
GP04Z,Facility,43248,CPT,true,1.0,Flexible esophago-gastro-duodenoscopy with guide wire dilatation
GP04Z,Facility,43249,CPT,true,1.0,Flexible transoral esophagogastroduodenoscopy with balloon esophageal dilation
GP04Z,Facility,J2704,HCPCS,false,1.0,"Injection, propofol, 10 MG"
GP04Z,Facility,43237,CPT,true,1.0,"Flexible endoscopic ultrasound of esophagus, stomach, duodenum"
GP04Z,Facility,43240,CPT,true,1.0,"EGD with transmural drainage of pseudocyst (including placement of transmural drainage catheter/stent and endoscopic ultrasound, when performed)"
GP04Z,Facility,0272,Rev Code,false,0.9000503654566673,Sterile
GP04Z,Facility,43250,CPT,true,1.0,"EGD with removal of tumor(s), polyp(s), or other lesion(s) by hot biopsy forceps"
GP04Z,Facility,0250,Rev Code,false,0.9370788035132978,General
GP04Z,Facility,J0585,HCPCS,false,1.0,"Injection, onabotulinumtoxina, 1 unit"
GP04Z,Facility,43245,CPT,true,1.0,Flexible endoscopic esophagogastroduodenoscopy with dilatation of strictures
GP04Z,Facility,43242,CPT,true,1.0,Flexible esophagogastroduodenoscopy with transendoscopic ultrasound biopsy
GP04Z,Professional,00813,CPT,false,0.71875,"Anesthesia for combined upper and lower gastrointestinal endoscopic procedures, endoscope introduced both proximal to and distal to the duodenum"
GP04Z,Facility,88173,CPT,false,1.0,"Cytopathology, evaluation of fine needle aspirate; Interpretation and report"
GP04Z,Facility,43247,CPT,true,1.0,Flexible scope with removal of esophageal foreign body(s) diag
GP04Z,Facility,43259,CPT,true,1.0,"Flexible transoral endoscopic evaluation of esophagus, stomach, and/or jejunum"
GP04Z,Facility,C1726,HCPCS,false,0.9000503654566673,"Catheter, balloon dilatation, non-vascular"
GP04Z,Facility,43244,CPT,true,1.0,Flexible transoral endoscopic band ligation of esophageal/gastric varices
GP04Z,Facility,0710,Rev Code,false,0.9638621706283398,General
GP04Z,Facility,88305,CPT,false,1.0,"Level IV - surgical pathology, gross and microscopic examination"
GP04Z,Professional,00731,CPT,false,0.7277431990493111,"Anesthesia for upper gastrointestinal endoscopic procedures, endoscope introduced proximal to duodenum; Not otherwise specified"
GP05Z,Facility,49520,CPT,true,1.0,"Repair recurrent hernia of inguinal region, reducible, any age"
GP05Z,Facility,49507,CPT,true,1.0,Repair of incarcerated/strangulated inguinal hernia in ³ 5yo
GP05Z,Facility,0710,Rev Code,false,1.0,General
GP05Z,Facility,J3010,HCPCS,false,0.9727186602587509,"Injection, fentanyl citrate, 0.1 MG"
GP05Z,Facility,49505,CPT,true,1.0,Repair of reducible inguinal hernia in patient 5+ years
GP05Z,Professional,00830,CPT,false,0.8657290606490015,Anesthesia for hernia repairs in lower abdomen; Not otherwise specified
GP05Z,Facility,49651,CPT,true,1.0,Laparoscopic surgical repair of hernia recurrence in inguinal area
GP05Z,Facility,0250,Rev Code,false,1.0,General
GP05Z,Facility,J2405,HCPCS,false,0.9727186602587509,"Injection, ondansetron hydrochloride, per 1 MG"
GP05Z,Facility,C1781,HCPCS,false,1.0,Mesh (implantable)
GP05Z,Facility,J1100,HCPCS,false,0.9727186602587509,"Injection, dexamethasone sodium phosphate, 1 MG"
GP05Z,Facility,J0690,HCPCS,false,0.9727186602587509,"Injection, cefazolin sodium, 500 MG"
GP05Z,Professional,00840,CPT,false,0.7570138143188286,Anesthesia for intraperitoneal procedures in lower abdomen including laparoscopy; Not otherwise specified
GP05Z,Facility,49550,CPT,true,1.0,"Repair of initial femoral hernia, any approach; Reducible"
GP05Z,Facility,J2704,HCPCS,false,0.9727186602587509,"Injection, propofol, 10 MG"
GP05Z,Facility,49591,CPT,true,1.0,"Repair of reducible anterior abdominal hernia, any approach, implantation of mesh or prosthesis"
GP05Z,Facility,0370,Rev Code,false,1.0,General
GP05Z,Facility,49650,CPT,true,1.0,Repair of hernia through laparoscopic surgical incision
GP05Z,Facility,49553,CPT,true,1.0,"Repair of initial femoral hernia, any approach; Incarcerated or strangulated"
GP05Z,Facility,J2250,HCPCS,false,0.9727186602587509,"Injection, midazolam hydrochloride, per 1 MG"
GP060,Professional,99152,CPT,false,0.5642850865629668,"Moderate sedation services provided by the same physician or other qualified health care professional performing the diagnostic or therapeutic service that the sedation supports, requiring the presence of an independent trained observer to assist in the monitoring of the Patient's level of consciousness and physiological status; Initial 15 minutes of intraservice time, patient age 5 years or older"
GP060,Facility,88313,CPT,false,1.0,"Special stain including interpretation and report; Group II, all other (e.g., iron, trichrome), except stain for microorganisms, stains for enzyme constituents, or immunocytochemistry and immunohistochemistry"
GP060,Facility,47000,CPT,true,1.0,"Biopsy of liver, needle; Percutaneous"
GP060,Facility,88307,CPT,false,1.0,"Level v - surgical pathology, gross and microscopic examination"
GP060,Facility,J3010,HCPCS,false,1.0,"Injection, fentanyl citrate, 0.1 MG"
GP060,Facility,0272,Rev Code,false,0.9092049352378027,Sterile
GP060,Facility,J2250,HCPCS,false,1.0,"Injection, midazolam hydrochloride, per 1 MG"
GP060,Facility,85610,CPT,false,0.8341780576460349,Prothrombin time (pt)
GP060,Facility,76942,CPT,false,0.799902728715507,"Ultrasonic guidance for needle placement (e.g., biopsy, aspiration, injection, localization device), imaging supervision and interpretation"
GP070,Facility,45330,CPT,true,1.0,Flexible sigmoidoscopy for diagnostic sampling and brushing/washing
GP070,Facility,88305,CPT,false,0.5590630679141145,"Level IV - surgical pathology, gross and microscopic examination"
GP070,Facility,45331,CPT,true,1.0,Flexible sigmoidoscopy with single or multiple biopsies
GP070,Professional,00811,CPT,false,0.6699657403882756,"Anesthesia for lower intestinal endoscopic procedures, endoscope introduced distal to duodenum; Not otherwise specified"
GP070,Facility,0370,Rev Code,false,0.9412734737834018,General
GP070,Facility,0710,Rev Code,false,0.8411523187722959,General
GP070,Facility,J2704,HCPCS,false,0.9879518072289156,"Injection, propofol, 10 MG"
HP01Z,Facility,38531,CPT,true,1.0,Lymph node excision and biopsy - open
HP01Z,Facility,J2704,HCPCS,false,0.6740766550522648,"Injection, propofol, 10 MG"
HP01Z,Facility,J0690,HCPCS,false,0.6740766550522648,"Injection, cefazolin sodium, 500 MG"
HP01Z,Facility,0250,Rev Code,false,0.7174216027874565,General
HP01Z,Facility,88342,CPT,false,0.9928397212543554,"Immunohistochemistry, initial single antibody stain"
HP01Z,Facility,0710,Rev Code,false,0.5844425087108014,General
HP01Z,Facility,88307,CPT,false,0.9928397212543554,"Level v - surgical pathology, gross and microscopic examination"
HP01Z,Facility,J2250,HCPCS,false,0.6740766550522648,"Injection, midazolam hydrochloride, per 1 MG"
HP01Z,Professional,38900,CPT,false,0.6688895692608995,"Intraoperative identification (e.g., mapping) of sentinel lymph node(s) includes injection of non-radioactive dye, when performed (list separately in addition to code for primary procedure)"
HP01Z,Facility,J1100,HCPCS,false,0.6740766550522648,"Injection, dexamethasone sodium phosphate, 1 MG"
HP01Z,Facility,38505,CPT,true,1.0,Lymph node excision and biopsy - superficial
HP01Z,Facility,88305,CPT,false,0.9928397212543554,"Level IV - surgical pathology, gross and microscopic examination"
HP01Z,Facility,0272,Rev Code,false,0.923205574912892,Sterile
HP01Z,Facility,76942,CPT,false,0.5610801393728223,"Ultrasonic guidance for needle placement (e.g., biopsy, aspiration, injection, localization device), imaging supervision and interpretation"
HP01Z,Facility,38525,CPT,true,1.0,Lymph node excision and biopsy - open
HP01Z,Facility,88341,CPT,false,0.9928397212543554,"Immunohistochemistry or immunocytochemistry, per specimen; Each additional single antibody stain procedure (list separately in addition to code for primary procedure)"
HP01Z,Facility,J3010,HCPCS,false,0.6740766550522648,"Injection, fentanyl citrate, 0.1 MG"
HP01Z,Facility,J2405,HCPCS,false,0.6740766550522648,"Injection, ondansetron hydrochloride, per 1 MG"
HP01Z,Professional,01250,CPT,false,0.73828125,"Anesthesia for all procedures on nerves, muscles, tendons, fascia, and bursae of upper leg"
HP01Z,Professional,01610,CPT,false,0.9253317913943775,"Anesthesia for all procedures on nerves, muscles, tendons, fascia, and bursae of shoulder and axilla"
HP01Z,Facility,0370,Rev Code,false,0.5464285714285714,General
HP01Z,Facility,38500,CPT,true,1.0,Lymph node excision and biopsy - open
JE01Z,Facility,77334,CPT,false,1.0,"Treatment devices, design and construction; Complex (irregular blocks, special shields, compensators, wedges, molds or casts)"
JE01Z,Professional,77427,CPT,false,0.8166939443535188,"Radiation treatment management, 5 treatments"
JE01Z,Facility,77338,CPT,true,1.0,"Multi-leaf collimator (mlc) device(s) for intensity modulated radiation therapy (IMRT), design and construction per IMRT plan"
JE01Z,Facility,77300,CPT,true,1.0,"Basic radiation dosimetry calculation, central axis depth dose calculation, tdf, nsd, gap calculation, off axis factor, tissue inhomogeneity factors, calculation of non-ionizing radiation surface and depth dose, as required during course of treatment, only when prescribed by the treating physician"
JE01Z,Facility,77336,CPT,true,1.0,"Continuing medical physics consultation, including assessment of treatment parameters, quality assurance of dose delivery, and review of patient treatment documentation in support of the radiation oncologist, reported per week of therapy"
JE01Z,Facility,77301,CPT,true,1.0,"Intensity modulated radiation treatment plan (IMRT), including dose-volume histograms for target and critical structure partial tolerance specifications"
JE01Z,Facility,77295,CPT,true,1.0,Therapeutic radiology simulation-aided field setting; 3-dimensional
KP010,Facility,20606,CPT,true,1.0,"Arthrocentesis, aspiration and/or injection, intermediate joint or bursa (e.g., wrist, elbow, ankle); With ultrasound guidance and permanent recording"
KP010,Facility,20605,CPT,true,1.0,"Arthrocentesis, aspiration and/or injection, intermediate joint or bursa (e.g., wrist, elbow, ankle); Without ultrasound guidance"
KP010,Facility,20612,CPT,true,1.0,Aspiration and/or injection of ganglion cyst
KP010,Facility,20611,CPT,true,1.0,"Arthrocentesis, aspiration and/or injection, major joint or bursa (e.g., shoulder, hip, knee, subacromial bursa); With ultrasound guidance, with permanent recording and reporting"
KP010,Facility,20600,CPT,true,1.0,"Arthrocentesis, aspiration and/or injection, small joint or bursa (e.g., fingers, toes); Without ultrasound guidance"
KP010,Facility,20610,CPT,true,1.0,"Arthrocentesis, aspiration and/or injection, major joint or bursa (e.g., shoulder, hip, knee); Without ultrasound guidance"
KP010,Facility,20604,CPT,true,1.0,"Arthrocentesis, aspiration and/or injection, small joint or bursa (e.g., fingers, toes); With ultrasound guidance and permanent recording"
KP03Z,Facility,0250,Rev Code,false,1.0,General
KP03Z,Facility,0370,Rev Code,false,1.0,General
KP03Z,Facility,J1100,HCPCS,false,0.8338577721837633,"Injection, dexamethasone sodium phosphate, 1 MG"
KP03Z,Facility,J3010,HCPCS,false,0.8338577721837633,"Injection, fentanyl citrate, 0.1 MG"
KP03Z,Facility,J0690,HCPCS,false,0.8338577721837633,"Injection, cefazolin sodium, 500 MG"
KP03Z,Facility,J2704,HCPCS,false,0.8338577721837633,"Injection, propofol, 10 MG"
KP03Z,Facility,J2250,HCPCS,false,0.8338577721837633,"Injection, midazolam hydrochloride, per 1 MG"
KP03Z,Facility,0272,Rev Code,false,1.0,Sterile
KP03Z,Facility,0710,Rev Code,false,1.0,General
KP03Z,Facility,22856,CPT,true,1.0,"Total disc arthroplasty, anterior approach with discectomy; Single interspace, cervical"
KP03Z,Facility,J2405,HCPCS,false,0.8338577721837633,"Injection, ondansetron hydrochloride, per 1 MG"
KP04Z,Facility,97161,CPT,false,0.8311402623612513,"Physical therapy evaluation: low complexity, requiring these components: a history with no personal factors and/or comorbidities that impact the plan of care; An examination of body system(s) using standardized tests and measures addressing 1-2 elements from any of the following: body structures and functions, activity limitations, and/or participation restrictions; A clinical presentation with stable and/or uncomplicated characteristics; And clinical decision making of low complexity using standardized patient assessment instrument and/or measurable assessment of functional outcome. typically, 20 minutes are spent face-to-face with the patient and/or family"
KP04Z,Facility,J2405,HCPCS,false,0.9371140262361252,"Injection, ondansetron hydrochloride, per 1 MG"
KP04Z,Facility,J2250,HCPCS,false,0.9371140262361252,"Injection, midazolam hydrochloride, per 1 MG"
KP04Z,Facility,J1100,HCPCS,false,0.9371140262361252,"Injection, dexamethasone sodium phosphate, 1 MG"
KP04Z,Professional,01214,CPT,false,0.8129168368041377,Anesthesia for open procedures involving hip joint; Total hip arthroplasty
KP04Z,Facility,0710,Rev Code,false,1.0,General
KP04Z,Facility,J3010,HCPCS,false,0.9371140262361252,"Injection, fentanyl citrate, 0.1 MG"
KP04Z,Facility,C1776,HCPCS,false,1.0,Joint device (implantable)
KP04Z,Facility,27130,CPT,true,1.0,Total hip replacement with optional grafting surgeries
KP04Z,Facility,0370,Rev Code,false,0.97087790110999,General
KP04Z,Facility,0250,Rev Code,false,1.0,General
KP04Z,Facility,J0690,HCPCS,false,0.9371140262361252,"Injection, cefazolin sodium, 500 MG"
KP04Z,Facility,J2704,HCPCS,false,0.9371140262361252,"Injection, propofol, 10 MG"
KP050,Facility,C1776,HCPCS,false,1.0,Joint device (implantable)
KP050,Facility,72170,CPT,false,0.7201923076923077,X-ray imaging of the pelvic region from one or two angles
KP050,Facility,J2250,HCPCS,false,0.9375,"Injection, midazolam hydrochloride, per 1 MG"
KP050,Facility,27487,CPT,true,1.0,"Revision of total knee arthroplasty, with or without allograft; Femoral and entire tibial component"
KP050,Facility,73560,CPT,false,0.7201923076923077,"X-ray imaging of knee, one or two views"
KP050,Facility,27134,CPT,true,1.0,"Revision of total hip arthroplasty; Both components (acetabular and femoral), with or without autograft/allograft"
KP050,Facility,J0690,HCPCS,false,0.9375,"Injection, cefazolin sodium, 500 MG"
KP050,Facility,J2704,HCPCS,false,0.9375,"Injection, propofol, 10 MG"
KP050,Facility,J1885,HCPCS,false,0.9375,"Injection, ketorolac tromethamine, per 15 MG"
KP050,Facility,0250,Rev Code,false,1.0,General
KP050,Facility,J1100,HCPCS,false,0.9375,"Injection, dexamethasone sodium phosphate, 1 MG"
KP050,Facility,27132,CPT,true,1.0,"Conversion of previous hip surgery to total hip arthroplasty, with or without autograft or allograft"
KP050,Professional,01215,CPT,false,0.96,Anesthesia for open procedures involving hip joint; Revision of total hip arthroplasty
KP050,Facility,0370,Rev Code,false,1.0,General
KP050,Professional,01214,CPT,false,0.953125,Anesthesia for open procedures involving hip joint; Total hip arthroplasty
KP050,Professional,01402,CPT,false,0.8778775510204081,Anesthesia for open or surgical arthroscopic procedures on knee joint; Total knee arthroplasty
KP050,Facility,C1713,HCPCS,false,1.0,Anchor/screw for opposing bone-to-bone or soft tissue-to-bone (implantable)
KP050,Facility,27486,CPT,true,1.0,"Revision of total knee arthroplasty, with or without allograft; 1 component"
KP050,Facility,J2405,HCPCS,false,0.9375,"Injection, ondansetron hydrochloride, per 1 MG"
KP050,Facility,0710,Rev Code,false,1.0,General
KP050,Facility,J3010,HCPCS,false,0.9375,"Injection, fentanyl citrate, 0.1 MG"
KP050,Facility,97161,CPT,false,0.7269230769230769,"Physical therapy evaluation: low complexity, requiring these components: a history with no personal factors and/or comorbidities that impact the plan of care; An examination of body system(s) using standardized tests and measures addressing 1-2 elements from any of the following: body structures and functions, activity limitations, and/or participation restrictions; A clinical presentation with stable and/or uncomplicated characteristics; And clinical decision making of low complexity using standardized patient assessment instrument and/or measurable assessment of functional outcome. typically, 20 minutes are spent face-to-face with the patient and/or family"
KP06Z,Professional,01392,CPT,false,0.8205128205128206,"Anesthesia for all open procedures on upper ends of tibia, fibula, and/or patella"
KP06Z,Facility,J3010,HCPCS,false,0.9502515436962332,"Injection, fentanyl citrate, 0.1 MG"
KP06Z,Facility,0370,Rev Code,false,0.9605467427717664,General
KP06Z,Facility,C1713,HCPCS,false,1.0,Anchor/screw for opposing bone-to-bone or soft tissue-to-bone (implantable)
KP06Z,Facility,C1776,HCPCS,false,1.0,Joint device (implantable)
KP06Z,Professional,01402,CPT,false,0.7976686484715135,Anesthesia for open or surgical arthroscopic procedures on knee joint; Total knee arthroplasty
KP06Z,Facility,0710,Rev Code,false,1.0,General
KP06Z,Facility,73560,CPT,false,0.7115826825880402,"X-ray imaging of knee, one or two views"
KP06Z,Facility,0250,Rev Code,false,1.0,General
KP06Z,Facility,27447,CPT,true,1.0,Replace medial and lateral knee joint surfaces plus potential patella resurfacing
KP06Z,Professional,01400,CPT,false,0.6886075949367089,Anesthesia for open or surgical arthroscopic procedures on knee joint; Not otherwise specified
KP06Z,Facility,J2250,HCPCS,false,0.9502515436962332,"Injection, midazolam hydrochloride, per 1 MG"
KP06Z,Facility,27438,CPT,true,1.0,"Arthroplasty, knee (patella only); Patella revision; Patellofemoral arthroplasty"
KP06Z,Facility,J1100,HCPCS,false,0.9502515436962332,"Injection, dexamethasone sodium phosphate, 1 MG"
KP06Z,Facility,J2704,HCPCS,false,0.9502515436962332,"Injection, propofol, 10 MG"
KP06Z,Facility,27446,CPT,true,1.0,Medial or lateral knee condyle and plateau arthroplasty
KP06Z,Facility,J0690,HCPCS,false,0.9502515436962332,"Injection, cefazolin sodium, 500 MG"
KP06Z,Facility,97161,CPT,false,0.8175578667226949,"Physical therapy evaluation: low complexity, requiring these components: a history with no personal factors and/or comorbidities that impact the plan of care; An examination of body system(s) using standardized tests and measures addressing 1-2 elements from any of the following: body structures and functions, activity limitations, and/or participation restrictions; A clinical presentation with stable and/or uncomplicated characteristics; And clinical decision making of low complexity using standardized patient assessment instrument and/or measurable assessment of functional outcome. typically, 20 minutes are spent face-to-face with the patient and/or family"
KP06Z,Facility,J2405,HCPCS,false,0.9502515436962332,"Injection, ondansetron hydrochloride, per 1 MG"
KP06Z,Professional,64447,CPT,false,0.6538461538461539,"Injection(s), anesthetic agent(s) and/or steroid; Femoral nerve, including imaging guidance, when performed"
KP070,Facility,J2250,HCPCS,false,0.9271958222075191,"Injection, midazolam hydrochloride, per 1 MG"
KP070,Facility,J2704,HCPCS,false,0.9271958222075191,"Injection, propofol, 10 MG"
KP070,Professional,00630,CPT,false,0.6782441629308653,Anesthesia for procedures in lumbar region; Not otherwise specified
KP070,Facility,0272,Rev Code,false,0.982395614263097,Sterile
KP070,Facility,J1100,HCPCS,false,0.9271958222075191,"Injection, dexamethasone sodium phosphate, 1 MG"
KP070,Facility,63047,CPT,true,1.0,"Laminectomy, facetectomy and foraminotomy with decompression of spinal cord and/or nerve root(s); Lumbar, single vertebral segment"
KP070,Facility,J0690,HCPCS,false,0.9271958222075191,"Injection, cefazolin sodium, 500 MG"
KP070,Facility,0250,Rev Code,false,1.0,General
KP070,Facility,J3010,HCPCS,false,0.9271958222075191,"Injection, fentanyl citrate, 0.1 MG"
KP070,Facility,0710,Rev Code,false,1.0,General
KP070,Facility,0370,Rev Code,false,0.9749285191048938,General
KP070,Facility,63048,CPT,true,1.0,"Laminectomy, facetectomy and foraminotomy (unilateral or bilateral with decompression of spinal cord, cauda equina and/or nerve root[s], [e.g., spinal stenosis]), single segment; Each additional segment, cervical, thoracic, or lumbar (list separately in addition to code for primary procedure)"
KP070,Facility,J2405,HCPCS,false,0.9271958222075191,"Injection, ondansetron hydrochloride, per 1 MG"
KP070,Facility,63030,CPT,true,1.0,"Laminotomy with decompression of nerve root(s), partial facetectomy, foraminotomy and/or disc excision; 1 interspace, lumbar"
KP08Z,Facility,27810,CPT,true,1.0,Closed treatment of bimalleolar ankle fracture with manipulation
KP08Z,Facility,96374,CPT,false,1.0,"Therapeutic, prophylactic, or diagnostic injection; Intravenous push, single or initial substance/drug"
KP08Z,Professional,28430,CPT,false,1.0,Closed fixation of uncomplicated talus fracture
KP08Z,Professional,99285,CPT,false,0.7445438471524239,ED visit for complex medical decision-making involving history/exam/counseling
KP08Z,Professional,27760,CPT,false,1.0,Closed repair of medial malleolus fracture without manipulation
KP08Z,Facility,73610,CPT,false,1.0,Ankle x-ray with 3 views
KP08Z,Professional,27808,CPT,false,1.0,Repair bimalleolar ankle fracture with immobilization
KP08Z,Facility,27762,CPT,true,1.0,Closed fixation of medial malleolus fracture with manipulation and optional traction
KP08Z,Professional,99284,CPT,false,0.5228311308787874,Emergency department visit for moderate complexity evaluation and management with counseling/coordination of care
KP08Z,Facility,27818,CPT,true,1.0,Closed reduction and fixation of trimalleolar ankle fracture
KP08Z,Professional,73590,CPT,false,0.5387755102040817,2-view x-ray of tibia and fibula
KP09Z,Facility,96374,CPT,false,0.8906828119744366,"Therapeutic, prophylactic, or diagnostic injection; Intravenous push, single or initial substance/drug"
KP09Z,Facility,73030,CPT,false,1.0,Two-view x-ray imaging of shoulder for diagnosis
KP09Z,Facility,G0463,HCPCS,false,1.0,Outpatient clinic visit to evaluate and treat patient
KP09Z,Facility,0250,Rev Code,false,0.40935082408341744,General
KP09Z,Facility,24500,CPT,true,1.0,"Closed fixation of humeral shaft fracture, no manipulation"
KP09Z,Facility,23605,CPT,true,0.8906828119744366,Manipulation and/or traction to treat neck of humerus fracture
KP09Z,Facility,24530,CPT,true,1.0,Closed fracture reduction of humeral supracondylar/transcondylar without manipulation
KP09Z,Professional,73090,CPT,false,0.9803921568627451,"X-ray of forearm, two-angle views"
KP09Z,Professional,01730,CPT,false,0.6123680241327301,Anesthesia for all closed procedures on humerus and elbow
KP09Z,Facility,73060,CPT,false,1.0,"Radiologic examination; Humerus, minimum of 2 views"
KP09Z,Facility,23620,CPT,true,1.0,Closed reduction of humeral greater tuberosity fracture without manipulation
KP09Z,Facility,24576,CPT,true,1.0,"Closed immobilization of humeral condyle fracture, medial or lateral"
KP09Z,Facility,24505,CPT,true,0.8906828119744366,Manipulation and/or skeletal traction to fix humeral shaft fracture
KP09Z,Professional,99285,CPT,false,0.573010935143288,ED visit for complex medical decision-making involving history/exam/counseling
KP09Z,Facility,24560,CPT,true,1.0,Closed fixation of medial/lateral humeral epicondyle fracture
KP09Z,Professional,24538,CPT,false,0.5208333333333334,"Percutaneous skeletal fixation of supracondylar or transcondylar humeral fracture, with or without intercondylar extension"
KP09Z,Professional,73070,CPT,false,0.8823529411764706,"X-ray of elbow, two-view series"
KP09Z,Professional,99284,CPT,false,0.7156425070028012,Emergency department visit for moderate complexity evaluation and management with counseling/coordination of care
KP09Z,Facility,23600,CPT,true,1.0,"Closed reduction of proximal humerus fracture, non-manipulative"
KP09Z,Facility,24620,CPT,true,0.8906828119744366,Closed manipulation of monteggia type elbow fracture-dislocation
KP09Z,Facility,24535,CPT,true,0.8906828119744366,Manipulation and possible traction to fix humeral fracture involving supracondylar or transcondylar region
KP09Z,Professional,73080,CPT,false,0.6529034690799397,Three-view x-ray of elbow
KP09Z,Professional,99203,CPT,false,0.5457053950906411,"Office or other outpatient visit, new patient; Low complexity medical decision making, 30-44 min"
KP120,Facility,28515,CPT,true,0.6152613016992626,Manipulative closed treatment of non-great toe fracture
KP120,Facility,28510,CPT,true,1.0,Closed reduction of phalangeal fracture without manipulation
KP120,Facility,28490,CPT,true,1.0,Closed reduction and immobilization of toe fracture
KP120,Facility,28400,CPT,true,1.0,Closed reduction of calcaneal fracture without manipulation
KP120,Facility,28470,CPT,true,1.0,Treatment of non-manipulated metatarsal fractures: each
KP120,Professional,99284,CPT,false,0.525,Emergency department visit for moderate complexity evaluation and management with counseling/coordination of care
KP120,Professional,73660,CPT,false,0.525,"X-ray of two or more toes, minimum of two views"
KP13Z,Facility,26725,CPT,true,1.0,Closed reduction and immobilization of phalangeal shaft fracture
KP13Z,Professional,73130,CPT,false,0.6124731182795699,"X-ray imaging of the hand, requiring 3 views"
KP13Z,Professional,99284,CPT,false,0.9354838709677418,Emergency department visit for moderate complexity evaluation and management with counseling/coordination of care
KP13Z,Facility,99283,CPT,false,1.0,"ED visit for moderate complexity assessment, history, exam, & counseling"
KP13Z,Facility,26750,CPT,true,1.0,Orthopaedic closed reduction of finger/thumb fracture
KP13Z,Facility,26742,CPT,true,1.0,Closed reduction and internal fixation of mcp/pip joint fracture
KP13Z,Facility,73140,CPT,false,1.0,Radiographic imaging of finger(s) with 2 or more views
KP13Z,Facility,26720,CPT,true,1.0,Closed reduction and fixation of finger bone fracture
KP13Z,Facility,26600,CPT,true,1.0,Closed reduction of single metacarpal fracture without manipulation
KP13Z,Professional,99204,CPT,false,0.5833333333333334,"Office or other outpatient visit, new patient; Moderate complexity medical decision making, 45-59 min"
KP13Z,Facility,26740,CPT,true,1.0,"Cast immobilization of mcp/ip joint fracture, no manipulation"
KP13Z,Facility,26755,CPT,true,1.0,Manipulation and fixation of broken finger/thumb bone
KP140,Facility,27246,CPT,true,0.6698113207547169,Closed fixation of greater trochanteric fracture - no manipulation
KP140,Facility,G0463,HCPCS,false,1.0,Outpatient clinic visit to evaluate and treat patient
KP160,Facility,27520,CPT,true,1.0,"Closed reduction of patellar fracture, non-manipulated"
KP160,Facility,G0463,HCPCS,false,1.0,Outpatient clinic visit to evaluate and treat patient
KP17Z,Facility,J2704,HCPCS,false,0.9413593958240782,"Injection, propofol, 10 MG"
KP17Z,Facility,21337,CPT,true,1.0,Closed reduction of nasal septum fracture with/without stabilization
KP17Z,Facility,J2405,HCPCS,false,0.9413593958240782,"Injection, ondansetron hydrochloride, per 1 MG"
KP17Z,Facility,J2250,HCPCS,false,0.9413593958240782,"Injection, midazolam hydrochloride, per 1 MG"
KP17Z,Facility,21315,CPT,true,1.0,"Closed reduction of nasal bone fracture, no fixation"
KP17Z,Facility,0250,Rev Code,false,1.0,General
KP17Z,Facility,J3010,HCPCS,false,0.9413593958240782,"Injection, fentanyl citrate, 0.1 MG"
KP17Z,Facility,0370,Rev Code,false,1.0,General
KP17Z,Facility,21320,CPT,true,1.0,Closed reduction of nasal bone fracture with fixation
KP17Z,Facility,0710,Rev Code,false,1.0,General
KP17Z,Facility,J1100,HCPCS,false,0.9413593958240782,"Injection, dexamethasone sodium phosphate, 1 MG"
KP17Z,Professional,00160,CPT,false,1.0,Anesthesia for procedures on nose and accessory sinuses; Not otherwise specified
KP180,Facility,G0463,HCPCS,false,1.0,Outpatient clinic visit to evaluate and treat patient
KP180,Facility,27197,CPT,true,1.0,"Closed treatment of pelvic ring fx/dislocation, ilium diastasis, sacroiliac joint"
KP19Z,Facility,23500,CPT,true,1.0,Closed reduction of clavicle fracture without manipulation
KP19Z,Facility,23570,CPT,true,1.0,"Closed reduction of scapular fracture, no manipulation"
KP200,Facility,G0463,HCPCS,false,0.7482014388489209,Outpatient clinic visit to evaluate and treat patient
KP200,Facility,22310,CPT,true,1.0,"Closed fracture treatment with casting/bracing, no manipulation"
KP22Z,Professional,73552,CPT,false,0.6190476190476191,"Radiologic examination, femur; Minimum 2 views"
KP22Z,Professional,99214,CPT,false,1.0,"Office or other outpatient visit, established patient; Moderate complexity medical decision making, 30-39 min"
KP22Z,Professional,27508,CPT,false,1.0,Closed reduction and fixation of distal femur fracture
KP22Z,Professional,99213,CPT,false,0.7619047619047619,"Office or other outpatient visit, established patient; Low complexity medical decision making, 20-29 min"
KP22Z,Professional,27500,CPT,false,0.8571428571428571,Closed fixation of femoral shaft fracture without manipulation
KP22Z,Professional,99215,CPT,false,0.7619047619047619,"Office or other outpatient visit, established patient; High complexity medical decision making, 40-54 min"
KP23Z,Facility,0250,Rev Code,false,0.5272067714631197,General
KP23Z,Facility,27752,CPT,true,1.0,Manipulation and traction of tibial and/or fibular fracture reduction
KP23Z,Facility,27780,CPT,true,1.0,Closed fixation of proximal fibula/shaft fracture without manipulation
KP23Z,Facility,27825,CPT,true,1.0,Closed tibial fracture treatment with traction and/or manipulation
KP23Z,Facility,27788,CPT,true,1.0,Closed reduction and fixation of distal fibular fracture with manipulation
KP23Z,Professional,99204,CPT,false,0.5162088642391508,"Office or other outpatient visit, new patient; Moderate complexity medical decision making, 45-59 min"
KP23Z,Facility,73590,CPT,false,1.0,2-view x-ray of tibia and fibula
KP23Z,Professional,99284,CPT,false,0.6383642031909041,Emergency department visit for moderate complexity evaluation and management with counseling/coordination of care
KP23Z,Facility,27530,CPT,true,1.0,"Closed proximal tibial fracture fixation, without manipulation"
KP23Z,Professional,99285,CPT,false,0.6122012347943029,ED visit for complex medical decision-making involving history/exam/counseling
KP23Z,Facility,27824,CPT,true,1.0,Closed fixation for tibial pilon/plafond fracture
KP23Z,Facility,27786,CPT,true,1.0,"Closed reduction of distal fibular fracture, non-manipulative"
KP23Z,Facility,27750,CPT,true,1.0,Closed reduction and fixation of tibial fracture (with/without fibula)
KP23Z,Facility,73610,CPT,false,1.0,Ankle x-ray with 3 views
KP23Z,Facility,27532,CPT,true,1.0,Closed fixation of proximal tibial fracture with or without manipulation and skeletal traction
KP24Z,Facility,25505,CPT,true,1.0,Manipulative closed reduction of radial bone fracture
KP24Z,Facility,25530,CPT,true,0.3505755553926241,Closed reduction and fixation of ulnar shaft fracture
KP24Z,Professional,73070,CPT,false,0.8559670781893004,"X-ray of elbow, two-view series"
KP24Z,Facility,73080,CPT,false,1.0,Three-view x-ray of elbow
KP24Z,Facility,73090,CPT,false,1.0,"X-ray of forearm, two-angle views"
KP24Z,Facility,24675,CPT,true,1.0,Manual realignment of fractured proximal ulna
KP24Z,Facility,25650,CPT,true,0.3505755553926241,Closed reduction and fixation of ulnar styloid fracture
KP24Z,Facility,0250,Rev Code,false,0.9393283965100081,General
KP24Z,Professional,73060,CPT,false,0.5172413793103449,"Radiologic examination; Humerus, minimum of 2 views"
KP24Z,Facility,25565,CPT,true,1.0,Closed manipulation of radial and ulnar shaft fractures
KP24Z,Facility,25605,CPT,true,1.0,Manipulation and closed reduction of distal radius fractures/ulnar styloid fractures
KP24Z,Professional,99285,CPT,false,0.5467567445156818,ED visit for complex medical decision-making involving history/exam/counseling
KP24Z,Facility,24670,CPT,true,0.3505755553926241,Closed fixation of proximal ulnar fracture without manipulation
KP24Z,Facility,25600,CPT,true,0.3505755553926241,Closed reduction and immobilization of distal radial fracture
KP24Z,Facility,25630,CPT,true,0.3505755553926241,Closed cast treatment of carpal bone fracture without manipulation
KP24Z,Facility,24650,CPT,true,0.3505755553926241,"Closed reduction of radial head/neck fracture, non-manipulative"
KP24Z,Facility,25622,CPT,true,0.3505755553926241,Closed reduction of scaphoid fracture without manipulation
KP24Z,Professional,99204,CPT,false,0.543859649122807,"Office or other outpatient visit, new patient; Moderate complexity medical decision making, 45-59 min"
KP24Z,Facility,24655,CPT,true,1.0,Closed reduction of radial head/neck fracture with manipulation
KP24Z,Facility,73110,CPT,false,1.0,"Radiological imaging of wrist, 3+ views"
KP24Z,Professional,99203,CPT,false,0.7894736842105263,"Office or other outpatient visit, new patient; Low complexity medical decision making, 30-44 min"
KP24Z,Professional,99284,CPT,false,0.6915859357262533,Emergency department visit for moderate complexity evaluation and management with counseling/coordination of care
KP24Z,Facility,25560,CPT,true,0.3505755553926241,Closed reduction of radial/ulnar shaft fractures without manipulation
KP24Z,Facility,25500,CPT,true,0.3505755553926241,Treatment of radial shaft fracture without dislocation or resetting
KP24Z,Professional,01730,CPT,false,0.5925925925925926,Anesthesia for all closed procedures on humerus and elbow
KP250,Facility,J0690,HCPCS,false,0.9653679653679653,"Injection, cefazolin sodium, 500 MG"
KP250,Professional,63052,CPT,false,0.7325790987535955,"Laminectomy, facetectomy, or foraminotomy (unilateral or bilateral with decompression of spinal cord, cauda equina and/or nerve root[s] [e.g., spinal or lateral recess stenosis]), during posterior interbody arthrodesis, lumbar; Single vertebral segment (list separately in addition to code for primary procedure)"
KP250,Facility,J2405,HCPCS,false,0.9653679653679653,"Injection, ondansetron hydrochloride, per 1 MG"
KP250,Facility,0370,Rev Code,false,0.993006993006993,General
KP250,Professional,00670,CPT,false,0.7570952988244286,"Anesthesia for extensive spine and spinal cord procedures (e.g., spinal instrumentation or vascular procedures)"
KP250,Facility,22612,CPT,true,1.0,"Arthrodesis, posterior or posterolateral technique, single interspace; Lumbar (with lateral transverse technique, when performed)"
KP250,Facility,C1713,HCPCS,false,1.0,Anchor/screw for opposing bone-to-bone or soft tissue-to-bone (implantable)
KP250,Facility,J2250,HCPCS,false,0.9653679653679653,"Injection, midazolam hydrochloride, per 1 MG"
KP250,Facility,J3010,HCPCS,false,0.9653679653679653,"Injection, fentanyl citrate, 0.1 MG"
KP250,Facility,20936,CPT,false,1.0,"Autograft for spine surgery only (includes harvesting the graft); Local (e.g., ribs, spinous process, or laminar fragments) obtained from same incision (list separately in addition to code for primary procedure)"
KP250,Facility,22853,CPT,false,1.0,"Insertion of interbody biomechanical device(s) (e.g., synthetic cage, mesh) with integral anterior instrumentation for device anchoring (e.g., screws, flanges), when performed, to intervertebral disc space in conjunction with interbody arthrodesis, each interspace (list separately in addition to code for primary procedure)"
KP250,Facility,22840,CPT,false,1.0,"Posterior non-segmental instrumentation (e.g., harrington rod technique, pedicle fixation across 1 interspace, atlantoaxial transarticular screw fixation, sublaminar wiring at c1, facet screw fixation) (list separately in addition to code for primary procedure)"
KP250,Facility,J1100,HCPCS,false,0.9653679653679653,"Injection, dexamethasone sodium phosphate, 1 MG"
KP250,Facility,22633,CPT,true,1.0,"Arthrodesis, combined posterior or posterolateral technique with posterior interbody technique including laminectomy and/or discectomy sufficient to prepare interspace (other than for decompression), single interspace and segment; Lumbar"
KP250,Facility,22630,CPT,true,1.0,"Arthrodesis, posterior interbody technique, including laminectomy and/or discectomy to prepare interspace (other than for decompression), single interspace; Lumbar"
KP250,Facility,0710,Rev Code,false,1.0,General
KP250,Facility,J2704,HCPCS,false,0.9653679653679653,"Injection, propofol, 10 MG"
KP250,Facility,20930,CPT,false,1.0,"Allograft, morselized, or placement of osteopromotive material, for spine surgery only (list separately in addition to code for primary procedure)"
KP250,Facility,0250,Rev Code,false,1.0,General
KP260,Facility,J2704,HCPCS,false,0.8752647074014772,"Injection, propofol, 10 MG"
KP260,Facility,J3010,HCPCS,false,0.8752647074014772,"Injection, fentanyl citrate, 0.1 MG"
KP260,Facility,0710,Rev Code,false,1.0,General
KP260,Facility,29888,CPT,true,1.0,Arthroscopically-assisted ACL repair/augmentation/reconstruction
KP260,Facility,29889,CPT,true,1.0,Open ACL repair; Open PCL repair with/without other structures; Arthroscopic PCL repair
KP260,Facility,J0690,HCPCS,false,0.8752647074014772,"Injection, cefazolin sodium, 500 MG"
KP260,Professional,64447,CPT,false,0.5191092676386795,"Injection(s), anesthetic agent(s) and/or steroid; Femoral nerve, including imaging guidance, when performed"
KP260,Facility,J2250,HCPCS,false,0.8752647074014772,"Injection, midazolam hydrochloride, per 1 MG"
KP260,Facility,0250,Rev Code,false,1.0,General
KP260,Facility,J2405,HCPCS,false,0.8752647074014772,"Injection, ondansetron hydrochloride, per 1 MG"
KP260,Professional,01400,CPT,false,0.8949046840958607,Anesthesia for open or surgical arthroscopic procedures on knee joint; Not otherwise specified
KP260,Facility,0370,Rev Code,false,1.0,General
KP260,Facility,J1100,HCPCS,false,0.8752647074014772,"Injection, dexamethasone sodium phosphate, 1 MG"
KP260,Facility,C1713,HCPCS,false,1.0,Anchor/screw for opposing bone-to-bone or soft tissue-to-bone (implantable)
KP270,Facility,J2250,HCPCS,false,0.8821788040260509,"Injection, midazolam hydrochloride, per 1 MG"
KP270,Facility,0272,Rev Code,false,0.9502664298401421,Sterile
KP270,Facility,0370,Rev Code,false,1.0,General
KP270,Facility,J2405,HCPCS,false,0.8821788040260509,"Injection, ondansetron hydrochloride, per 1 MG"
KP270,Facility,0250,Rev Code,false,1.0,General
KP270,Facility,J3010,HCPCS,false,0.8821788040260509,"Injection, fentanyl citrate, 0.1 MG"
KP270,Facility,29898,CPT,true,1.0,Extensive ankle arthroscopic debridement of tibiotalar and fibulotalar joints
KP270,Facility,J0690,HCPCS,false,0.8821788040260509,"Injection, cefazolin sodium, 500 MG"
KP270,Facility,0710,Rev Code,false,1.0,General
KP270,Professional,01464,CPT,false,0.826171875,Anesthesia for arthroscopic procedures of ankle and/or foot
KP270,Facility,J1100,HCPCS,false,0.8821788040260509,"Injection, dexamethasone sodium phosphate, 1 MG"
KP270,Facility,J2704,HCPCS,false,0.8821788040260509,"Injection, propofol, 10 MG"
KP280,Facility,J0690,HCPCS,false,0.9326829268292683,"Injection, cefazolin sodium, 500 MG"
KP280,Facility,J1100,HCPCS,false,0.9326829268292683,"Injection, dexamethasone sodium phosphate, 1 MG"
KP280,Facility,J7120,HCPCS,false,0.9326829268292683,"Ringers lactate infusion, up to 1000 CC"
KP280,Facility,27702,CPT,true,1.0,Total ankle arthroplasty with prosthetic implant
KP280,Facility,27703,CPT,true,1.0,Revision of total ankle arthroplasty
KP280,Facility,0250,Rev Code,false,1.0,General
KP280,Facility,J2250,HCPCS,false,0.9326829268292683,"Injection, midazolam hydrochloride, per 1 MG"
KP280,Facility,0370,Rev Code,false,1.0,General
KP280,Facility,0710,Rev Code,false,1.0,General
KP280,Facility,J2405,HCPCS,false,0.9326829268292683,"Injection, ondansetron hydrochloride, per 1 MG"
KP280,Facility,C1713,HCPCS,false,1.0,Anchor/screw for opposing bone-to-bone or soft tissue-to-bone (implantable)
KP280,Professional,64447,CPT,false,0.6244803130349719,"Injection(s), anesthetic agent(s) and/or steroid; Femoral nerve, including imaging guidance, when performed"
KP280,Facility,C1776,HCPCS,false,1.0,Joint device (implantable)
KP280,Facility,J3010,HCPCS,false,0.9326829268292683,"Injection, fentanyl citrate, 0.1 MG"
KP280,Facility,J2704,HCPCS,false,0.9326829268292683,"Injection, propofol, 10 MG"
KP280,Professional,64445,CPT,false,0.5688839977174533,"Injection(s), anesthetic agent(s) and/or steroid; Sciatic nerve, including imaging guidance, when performed"
KP280,Professional,01486,CPT,false,0.9638460911388277,"Anesthesia for open procedures on bones of lower leg, ankle, and foot; Total ankle replacement"
KP31Z,Facility,C1713,HCPCS,false,1.0,Anchor/screw for opposing bone-to-bone or soft tissue-to-bone (implantable)
KP31Z,Facility,29916,CPT,true,1.0,Arthroscopic hip surgery with labral tear repair
KP31Z,Facility,J2250,HCPCS,false,0.8886374656537902,"Injection, midazolam hydrochloride, per 1 MG"
KP31Z,Facility,J0690,HCPCS,false,0.8886374656537902,"Injection, cefazolin sodium, 500 MG"
KP31Z,Facility,J3010,HCPCS,false,0.8886374656537902,"Injection, fentanyl citrate, 0.1 MG"
KP31Z,Facility,J2405,HCPCS,false,0.8886374656537902,"Injection, ondansetron hydrochloride, per 1 MG"
KP31Z,Facility,0250,Rev Code,false,1.0,General
KP31Z,Facility,29914,CPT,true,1.0,"Arthroscopic hip surgery, including femoroplasty for cam lesion"
KP31Z,Professional,01202,CPT,false,0.8522958295233928,Anesthesia for arthroscopic procedures of hip joint
KP31Z,Facility,J1100,HCPCS,false,0.8886374656537902,"Injection, dexamethasone sodium phosphate, 1 MG"
KP31Z,Facility,0370,Rev Code,false,1.0,General
KP31Z,Facility,J2704,HCPCS,false,0.8886374656537902,"Injection, propofol, 10 MG"
KP31Z,Facility,0710,Rev Code,false,1.0,General
KP320,Facility,29877,CPT,true,1.0,Arthroscopic knee surgery to remove and shape cartilage
KP320,Facility,J2405,HCPCS,false,0.9093239573622989,"Injection, ondansetron hydrochloride, per 1 MG"
KP320,Facility,J3010,HCPCS,false,0.9093239573622989,"Injection, fentanyl citrate, 0.1 MG"
KP320,Facility,0710,Rev Code,false,1.0,General
KP320,Facility,29876,CPT,true,1.0,Arthroscopic knee synovectomy of at least two compartments
KP320,Facility,29875,CPT,true,1.0,Arthroscopic knee synovectomy for limited resection of shelf or plica
KP320,Facility,J2704,HCPCS,false,0.9093239573622989,"Injection, propofol, 10 MG"
KP320,Facility,J1885,HCPCS,false,0.9093239573622989,"Injection, ketorolac tromethamine, per 15 MG"
KP320,Facility,J1100,HCPCS,false,0.9093239573622989,"Injection, dexamethasone sodium phosphate, 1 MG"
KP320,Facility,J2250,HCPCS,false,0.9093239573622989,"Injection, midazolam hydrochloride, per 1 MG"
KP320,Facility,J0690,HCPCS,false,0.9093239573622989,"Injection, cefazolin sodium, 500 MG"
KP320,Professional,01400,CPT,false,0.9590453914696468,Anesthesia for open or surgical arthroscopic procedures on knee joint; Not otherwise specified
KP320,Facility,29882,CPT,true,1.0,Surgical knee arthroscopy with medial/lateral meniscus repair
KP320,Facility,29879,CPT,true,1.0,"Arthroscopic knee surgery with abrasion, chondroplasty, drilling, microfracture"
KP320,Facility,C1713,HCPCS,false,0.9562173225793378,Anchor/screw for opposing bone-to-bone or soft tissue-to-bone (implantable)
KP320,Facility,29880,CPT,true,1.0,"Arthroscopy, knee, meniscectomy, debridement/chondroplasty, maybe multiple compartments"
KP320,Facility,0250,Rev Code,false,1.0,General
KP320,Facility,0370,Rev Code,false,0.9974668666153285,General
KP320,Facility,29881,CPT,true,1.0,Arthroscopic knee meniscectomy with debridement/cartilage shaving
KP33Z,Facility,J3010,HCPCS,false,0.8812241893426158,"Injection, fentanyl citrate, 0.1 MG"
KP33Z,Facility,C1713,HCPCS,false,1.0,Anchor/screw for opposing bone-to-bone or soft tissue-to-bone (implantable)
KP33Z,Facility,29806,CPT,true,1.0,Arthroscopic shoulder surgery to repair capsule tissue
KP33Z,Facility,J0690,HCPCS,false,0.8812241893426158,"Injection, cefazolin sodium, 500 MG"
KP33Z,Facility,J2704,HCPCS,false,0.8812241893426158,"Injection, propofol, 10 MG"
KP33Z,Facility,0710,Rev Code,false,1.0,General
KP33Z,Facility,0250,Rev Code,false,1.0,General
KP33Z,Facility,29826,CPT,true,1.0,"Arthroscopic shoulder decompression with partial acromioplasty, ligament release"
KP33Z,Facility,29807,CPT,true,1.0,Arthroscopic shoulder surgery to repair capsule tissue
KP33Z,Facility,J2405,HCPCS,false,0.8812241893426158,"Injection, ondansetron hydrochloride, per 1 MG"
KP33Z,Facility,29828,CPT,true,1.0,Arthroscopic shoulder surgery with biceps tenodesis fixation
KP33Z,Professional,64415,CPT,false,0.6247815003350949,"Injection(s), anesthetic agent(s) and/or steroid; Brachial plexus, including imaging guidance, when performed"
KP33Z,Facility,J1100,HCPCS,false,0.8812241893426158,"Injection, dexamethasone sodium phosphate, 1 MG"
KP33Z,Facility,29822,CPT,true,1.0,Arthroscopic shoulder surgery debridement of 1-2 structures
KP33Z,Facility,29824,CPT,true,1.0,Arthroscopic surgical distal claviculectomy with mumford procedure
KP33Z,Facility,0370,Rev Code,false,1.0,General
KP33Z,Facility,29823,CPT,true,1.0,Arthroscopic shoulder surgery involving debridement of 3+ structures
KP33Z,Facility,29827,CPT,true,1.0,Arthroscopic shoulder surgery with rotator cuff repair
KP33Z,Facility,J2250,HCPCS,false,0.8812241893426158,"Injection, midazolam hydrochloride, per 1 MG"
KP33Z,Professional,01630,CPT,false,0.91078637180165,"Anesthesia for open or surgical arthroscopic procedures on humeral head and neck, sternoclavicular joint, acromioclavicular joint, and shoulder joint; Not otherwise specified"
KP34Z,Facility,C1776,HCPCS,false,1.0,Joint device (implantable)
KP34Z,Facility,23473,CPT,true,1.0,Revision shoulder arthroplasty; Humeral component
KP34Z,Facility,23474,CPT,true,1.0,Revision shoulder arthroplasty; Glenoid component
KP34Z,Facility,J0690,HCPCS,false,0.9493794506612411,"Injection, cefazolin sodium, 500 MG"
KP34Z,Facility,J1100,HCPCS,false,0.9493794506612411,"Injection, dexamethasone sodium phosphate, 1 MG"
KP34Z,Facility,J2250,HCPCS,false,0.9493794506612411,"Injection, midazolam hydrochloride, per 1 MG"
KP34Z,Facility,0250,Rev Code,false,1.0,General
KP34Z,Facility,0370,Rev Code,false,0.9859613428280773,General
KP34Z,Facility,J2405,HCPCS,false,0.9493794506612411,"Injection, ondansetron hydrochloride, per 1 MG"
KP34Z,Facility,23470,CPT,true,1.0,Shoulder arthroplasty; Hemiarthroplasty
KP34Z,Facility,J2704,HCPCS,false,0.9493794506612411,"Injection, propofol, 10 MG"
KP34Z,Facility,C1713,HCPCS,false,1.0,Anchor/screw for opposing bone-to-bone or soft tissue-to-bone (implantable)
KP34Z,Professional,01638,CPT,false,0.8844188650848984,"Anesthesia for open or surgical arthroscopic procedures on humeral head and neck, sternoclavicular joint, acromioclavicular joint, and shoulder joint; Total shoulder replacement"
KP34Z,Facility,23472,CPT,true,1.0,"Total shoulder arthroplasty, glenohumeral joint (glenoid and proximal humeral replacement)"
KP34Z,Facility,0710,Rev Code,false,1.0,General
KP34Z,Professional,01630,CPT,false,0.8316831683168316,"Anesthesia for open or surgical arthroscopic procedures on humeral head and neck, sternoclavicular joint, acromioclavicular joint, and shoulder joint; Not otherwise specified"
KP34Z,Professional,64415,CPT,false,0.6010965382721919,"Injection(s), anesthetic agent(s) and/or steroid; Brachial plexus, including imaging guidance, when performed"
KP34Z,Facility,J3010,HCPCS,false,0.9493794506612411,"Injection, fentanyl citrate, 0.1 MG"
KP350,Facility,20550,CPT,true,1.0,Injection(s); Single tendon sheath or ligament
KP350,Facility,20553,CPT,true,1.0,"Injection(s); 3 or more trigger points, 1 or more muscles"
KP36Z,Facility,C1713,HCPCS,false,1.0,Anchor/screw for opposing bone-to-bone or soft tissue-to-bone (implantable)
KP36Z,Facility,22513,CPT,true,1.0,"Percutaneous augmentation, thoracic (kyphoplasty)"
KP36Z,Facility,J2250,HCPCS,false,1.0,"Injection, midazolam hydrochloride, per 1 MG"
KP36Z,Facility,0710,Rev Code,false,0.8081516295554357,General
KP36Z,Facility,0370,Rev Code,false,0.9355112104168272,General
KP36Z,Facility,22510,CPT,true,1.0,"Percutaneous vertebroplasty, cervicothoracic"
KP36Z,Professional,01941,CPT,false,0.7119179163378059,"Anesthesia for percutaneous image-guided neuromodulation or intravertebral procedures (e.g., kyphoplasty, vertebroplasty) on the spine or spinal cord; Cervical or thoracic"
KP36Z,Facility,22514,CPT,true,1.0,"Percutaneous augmentation, lumbar (kyphoplasty)"
KP36Z,Professional,01942,CPT,false,0.7535112359550562,"Anesthesia for percutaneous image-guided neuromodulation or intravertebral procedures (e.g., kyphoplasty, vertebroplasty) on the spine or spinal cord; Lumbar or sacral"
KP36Z,Facility,J3010,HCPCS,false,1.0,"Injection, fentanyl citrate, 0.1 MG"
KP36Z,Professional,99152,CPT,false,0.6141018542529605,"Moderate sedation services provided by the same physician or other qualified health care professional performing the diagnostic or therapeutic service that the sedation supports, requiring the presence of an independent trained observer to assist in the monitoring of the Patient's level of consciousness and physiological status; Initial 15 minutes of intraservice time, patient age 5 years or older"
KP36Z,Facility,J2704,HCPCS,false,1.0,"Injection, propofol, 10 MG"
KP36Z,Facility,J0690,HCPCS,false,1.0,"Injection, cefazolin sodium, 500 MG"
KP36Z,Facility,22511,CPT,true,1.0,"Percutaneous vertebroplasty, lumbar"
KP36Z,Facility,0250,Rev Code,false,1.0,General
KP40Z,Facility,0250,Rev Code,false,0.9023792636533625,General
KP40Z,Facility,0272,Rev Code,false,0.7648093733592476,Sterile
KP40Z,Facility,29848,CPT,true,1.0,"Endoscopy, wrist, surgical, with release of transverse carpal ligament"
KP40Z,Professional,01810,CPT,false,0.792007247687935,"Anesthesia for all procedures on nerves, muscles, tendons, fascia, and bursae of forearm, wrist, and hand"
KP40Z,Facility,0370,Rev Code,false,0.7835726720890175,General
KP40Z,Facility,J3010,HCPCS,false,0.8258338476276448,"Injection, fentanyl citrate, 0.1 MG"
KP40Z,Facility,64721,CPT,true,1.0,Neuroplasty and/or transposition; Median nerve at carpal tunnel
KP40Z,Facility,J2704,HCPCS,false,0.8258338476276448,"Injection, propofol, 10 MG"
KP40Z,Facility,0710,Rev Code,false,0.9430376831885633,General
L003Z,Facility,88300,CPT,true,1.0,"Level i - surgical pathology, gross examination only"
L003Z,Facility,88305,CPT,true,1.0,"Level IV - surgical pathology, gross and microscopic examination"
L003Z,Facility,88309,CPT,true,1.0,"Level VI - surgical pathology, gross and microscopic examination"
L003Z,Facility,88302,CPT,true,1.0,"Level II - surgical pathology, gross and microscopic examination"
L003Z,Facility,88304,CPT,true,1.0,"Level III - surgical pathology, gross and microscopic examination"
L003Z,Facility,88307,CPT,true,1.0,"Level v - surgical pathology, gross and microscopic examination"
NE01Z,Facility,95810,CPT,true,0.9591136017231465,Attended polysomnography for age ³6 with sleep staging and ³4 parameters
NE01Z,Facility,95808,CPT,true,0.9591136017231465,"Polysomnography; Any age, sleep staging with 1-3 additional parameters of sleep, attended by a technologist"
NE01Z,Facility,95806,CPT,true,1.0,Home sleep testing with airflow
NE01Z,Facility,G0399,HCPCS,true,1.0,"Home sleep test, type III portable monitor"
NE01Z,Facility,95811,CPT,true,0.9591136017231465,"Polysomnography; Age 6 years or older, sleep staging with 4 or more additional parameters of sleep, with initiation of continuous positive airway pressure therapy or bilevel ventilation, attended by a technologist"
NE01Z,Facility,95801,CPT,true,1.0,"Home sleep apnea testing (hst) with cardiovascular, respiratory, sleep staging"
NE01Z,Facility,95800,CPT,true,1.0,"Home sleep apnea testing (hst) with cardiovascular, respiratory, sleep staging"
NE01Z,Facility,95807,CPT,true,0.9591136017231465,"Polysomnography; Any age, sleep staging with 4+ additional parameters of sleep, attended by a technologist"
NE020,Facility,95972,CPT,true,1.0,"Electronic analysis of implanted neurostimulator pulse generator/transmitter, complex"
NE020,Facility,95971,CPT,true,1.0,"Electronic analysis of implanted neurostimulator pulse generator/transmitter, simple"
NM01Z,Facility,64416,CPT,true,1.0,"Injection(s), anesthetic agent(s) and/or steroid; Brachial plexus, continuous infusion by catheter (including catheter placement), including imaging guidance, when performed"
NM01Z,Facility,64435,CPT,true,1.0,"Injection(s), anesthetic agent(s) and/or steroid; Paracervical (uterine) nerve"
NM01Z,Facility,64484,CPT,true,1.0,"Injection(s), anesthetic agent(s) and/or steroid; Transforaminal epidural, with imaging guidance (fluoroscopy or CT), lumbar or sacral, each additional level (list separately in addition to code for primary procedure)"
NM01Z,Facility,64494,CPT,true,1.0,"Injection(s), diagnostic or therapeutic agent, paravertebral facet (zygapophyseal) joint (or nerves innervating that joint) with image guidance (fluoroscopy or CT), lumbar or sacral; Second level (list separately in addition to code for primary procedure)"
NM01Z,Professional,64400,CPT,false,1.0,"Injection(s), anesthetic agent(s) and/or steroid; Trigeminal nerve, each branch (i.e., ophthalmic, maxillary, mandibular)"
NM01Z,Facility,64415,CPT,true,1.0,"Injection(s), anesthetic agent(s) and/or steroid; Brachial plexus, including imaging guidance, when performed"
NM01Z,Facility,64447,CPT,true,1.0,"Injection(s), anesthetic agent(s) and/or steroid; Femoral nerve, including imaging guidance, when performed"
NM01Z,Facility,64490,CPT,true,1.0,"Injection(s), diagnostic or therapeutic agent, paravertebral facet (zygapophyseal) joint (or nerves innervating that joint) with image guidance (fluoroscopy or CT), cervical or thoracic; Single level"
NM01Z,Facility,64493,CPT,true,1.0,"Injection(s), diagnostic or therapeutic agent, paravertebral facet (zygapophyseal) joint (or nerves innervating that joint) with image guidance (fluoroscopy or CT), lumbar or sacral; Single level"
NM01Z,Facility,64491,CPT,true,1.0,"Injection(s), diagnostic or therapeutic agent, paravertebral facet (zygapophyseal) joint (or nerves innervating that joint) with image guidance (fluoroscopy or CT), cervical or thoracic; Second level (list separately in addition to code for primary procedure)"
NM01Z,Facility,62321,CPT,true,1.0,"Injection(s), of diagnostic or therapeutic substance(s) (e.g., anesthetic, antispasmodic, opioid, steroid, other solution), not including neurolytic substances, including needle or catheter placement, interlaminar epidural or subarachnoid, cervical or thoracic; With imaging guidance (i.e., fluoroscopy or CT)"
NM01Z,Facility,64488,CPT,true,1.0,"Transversus abdominis plane (tap) block (abdominal plane block, rectus sheath block) bilateral; By injections (includes imaging guidance, when performed)"
NM01Z,Facility,64461,CPT,true,0.3746307588661058,"Paravertebral block (pvb) (paraspinous block), thoracic; Single injection site (includes imaging guidance, when performed)"
NM01Z,Facility,64448,CPT,true,1.0,"Injection(s), anesthetic agent(s) and/or steroid; Femoral nerve, continuous infusion by catheter (including catheter placement), including imaging guidance, when performed"
NM01Z,Facility,64445,CPT,true,1.0,"Injection(s), anesthetic agent(s) and/or steroid; Sciatic nerve, including imaging guidance, when performed"
NM01Z,Facility,64483,CPT,true,1.0,"Injection(s), anesthetic agent(s) and/or steroid; Transforaminal epidural, with imaging guidance (fluoroscopy or CT), lumbar or sacral, single level"
NM01Z,Facility,64492,CPT,true,1.0,"Injection(s), diagnostic or therapeutic agent, paravertebral facet (zygapophyseal) joint (or nerves innervating that joint) with image guidance (fluoroscopy or CT), cervical or thoracic; Third and any additional level(s) (list separately in addition to code for primary procedure)"
NM01Z,Facility,64450,CPT,true,0.3746307588661058,"Injection(s), anesthetic agent(s) and/or steroid; Other peripheral nerve or branch"
NM01Z,Facility,62323,CPT,true,1.0,"Injection(s), of diagnostic or therapeutic substance(s) (e.g., anesthetic, antispasmodic, opioid, steroid, other solution), not including neurolytic substances, including needle or catheter placement, interlaminar epidural or subarachnoid, lumbar or sacral (caudal); With imaging guidance (i.e., fluoroscopy or CT)"
NM01Z,Professional,64495,CPT,false,0.6195652173913043,"Injection(s), diagnostic or therapeutic agent, paravertebral facet (zygapophyseal) joint (or nerves innervating that joint) with image guidance (fluoroscopy or CT), lumbar or sacral; Third and any additional level(s) (list separately in addition to code for primary procedure)"
NP010,Facility,0250,Rev Code,false,1.0,General
NP010,Facility,J2405,HCPCS,false,0.9742398648648649,"Injection, ondansetron hydrochloride, per 1 MG"
NP010,Facility,61886,CPT,true,1.0,Insertion or replacement of cranial neurostimulator pulse generator or receiver; Two or more electrode arrays
NP010,Facility,0272,Rev Code,false,1.0,Sterile
NP010,Facility,J0690,HCPCS,false,0.9742398648648649,"Injection, cefazolin sodium, 500 MG"
NP010,Facility,0710,Rev Code,false,1.0,General
NP010,Facility,J2704,HCPCS,false,0.9742398648648649,"Injection, propofol, 10 MG"
NP010,Professional,00400,CPT,false,0.6215943192221911,"Anesthesia for procedures on the integumentary system on the extremities, anterior trunk and perineum; Not otherwise specified"
NP010,Facility,J3010,HCPCS,false,0.9742398648648649,"Injection, fentanyl citrate, 0.1 MG"
NP010,Facility,J1100,HCPCS,false,0.9742398648648649,"Injection, dexamethasone sodium phosphate, 1 MG"
NP010,Professional,00300,CPT,false,0.6582680883410166,"Anesthesia for all procedures on the integumentary system, muscles and nerves of head, neck, and posterior trunk, not otherwise specified"
NP010,Facility,0370,Rev Code,false,1.0,General
NP010,Facility,61885,CPT,true,1.0,Insertion or replacement of cranial neurostimulator pulse generator or receiver; Single electrode array
NP020,Facility,0710,Rev Code,false,1.0,General
NP020,Facility,C1772,HCPCS,false,1.0,"Infusion pump, programmable (implantable)"
NP020,Facility,62362,CPT,true,1.0,"Implantation or replacement of intrathecal/epidural drug infusion device; Programmable pump, with or without programming"
NP020,Facility,J3010,HCPCS,false,0.8958677685950414,"Injection, fentanyl citrate, 0.1 MG"
NP020,Facility,J1100,HCPCS,false,0.8958677685950414,"Injection, dexamethasone sodium phosphate, 1 MG"
NP020,Facility,J2405,HCPCS,false,0.8958677685950414,"Injection, ondansetron hydrochloride, per 1 MG"
NP020,Facility,0250,Rev Code,false,0.9928374655647383,General
NP020,Facility,62365,CPT,true,1.0,Removal of intrathecal or epidural drug infusion pump or reservoir
NP020,Facility,J2704,HCPCS,false,0.8958677685950414,"Injection, propofol, 10 MG"
NP020,Professional,00300,CPT,false,0.5755258825681361,"Anesthesia for all procedures on the integumentary system, muscles and nerves of head, neck, and posterior trunk, not otherwise specified"
NP020,Facility,J0690,HCPCS,false,0.8958677685950414,"Injection, cefazolin sodium, 500 MG"
NP020,Facility,0370,Rev Code,false,0.9322314049586777,General
NP03Z,Facility,J2250,HCPCS,false,0.94236700077101,"Injection, midazolam hydrochloride, per 1 MG"
NP03Z,Professional,00630,CPT,false,0.9267015706806283,Anesthesia for procedures in lumbar region; Not otherwise specified
NP03Z,Facility,64561,CPT,true,1.0,"Percutaneous implantation of neurostimulator electrode array; Sacral nerve (transforaminal placement), including image guidance, if performed"
NP03Z,Facility,J0690,HCPCS,false,0.94236700077101,"Injection, cefazolin sodium, 500 MG"
NP03Z,Facility,0370,Rev Code,false,0.9445515291698792,General
NP03Z,Facility,J2405,HCPCS,false,0.94236700077101,"Injection, ondansetron hydrochloride, per 1 MG"
NP03Z,Facility,0250,Rev Code,false,0.9866358262657414,General
NP03Z,Facility,64581,CPT,true,1.0,Open implantation of neurostimulator electrode array; Sacral nerve (transforaminal placement)
NP03Z,Facility,64585,CPT,true,1.0,Revision or removal of peripheral neurostimulator electrode array
NP03Z,Facility,J3010,HCPCS,false,0.94236700077101,"Injection, fentanyl citrate, 0.1 MG"
NP03Z,Facility,0710,Rev Code,false,0.9930609097918273,General
NP03Z,Facility,C1897,HCPCS,false,1.0,"Lead, neurostimulator test kit (implantable)"
NP03Z,Facility,64590,CPT,true,1.0,Surgical insertion/replacement of a neurostimulator pulse generator
NP03Z,Professional,00300,CPT,false,0.7910648039790634,"Anesthesia for all procedures on the integumentary system, muscles and nerves of head, neck, and posterior trunk, not otherwise specified"
NP03Z,Facility,J2704,HCPCS,false,0.94236700077101,"Injection, propofol, 10 MG"
NP03Z,Facility,C1778,HCPCS,false,1.0,"Lead, neurostimulator (implantable)"
NP03Z,Professional,76000,CPT,false,0.5445026178010471,"Fluoroscopy (separate procedure), up to 1 hour physician or other qualified health care professional time"
NP03Z,Facility,64595,CPT,true,1.0,Revision or removal of peripheral or gastric neurostimulator pulse generator or receiver
NP04Z,Facility,C1778,HCPCS,false,1.0,"Lead, neurostimulator (implantable)"
NP04Z,Facility,C1883,HCPCS,false,1.0,"Adapter/extension, pacing lead or neurostimulator lead (implantable)"
NP04Z,Facility,63685,CPT,true,1.0,"Insertion or replacement of spinal neurostimulator device, direct or inductive"
NP04Z,Facility,J2250,HCPCS,false,0.9434931506849316,"Injection, midazolam hydrochloride, per 1 MG"
NP04Z,Facility,63664,CPT,true,1.0,Revision/replacement of electrode plate/paddle(s)
NP04Z,Professional,00300,CPT,false,0.6711864406779661,"Anesthesia for all procedures on the integumentary system, muscles and nerves of head, neck, and posterior trunk, not otherwise specified"
NP04Z,Professional,00620,CPT,false,0.5633802816901409,"Anesthesia for procedures on thoracic spine and cord, not otherwise specified"
NP04Z,Facility,63688,CPT,true,1.0,Revision or removal of implanted spinal neurostimulator pulse generator or receiver
NP04Z,Facility,63655,CPT,true,1.0,"Laminectomy for implantation of neurostimulator electrodes, plate/paddle, epidural"
NP04Z,Facility,63661,CPT,true,1.0,"Removal of spinal neurostimulator electrode percutaneous array(s), including fluoroscopy, when performed"
NP04Z,Facility,J0690,HCPCS,false,0.9434931506849316,"Injection, cefazolin sodium, 500 MG"
NP04Z,Facility,63662,CPT,true,1.0,Removal of spinal neurostimulator electrode plate/paddle(s)
NP04Z,Facility,J2704,HCPCS,false,0.9434931506849316,"Injection, propofol, 10 MG"
NP04Z,Facility,0250,Rev Code,false,0.9792380136986302,General
NP04Z,Facility,J1100,HCPCS,false,0.9434931506849316,"Injection, dexamethasone sodium phosphate, 1 MG"
NP04Z,Facility,J3010,HCPCS,false,0.9434931506849316,"Injection, fentanyl citrate, 0.1 MG"
NP04Z,Facility,0710,Rev Code,false,0.8516695205479452,General
NP04Z,Facility,63663,CPT,true,1.0,"Revision including replacement, when performed, of spinal neurostimulator electrode percutaneous array(s), including fluoroscopy, when performed"
NP04Z,Facility,C1897,HCPCS,false,1.0,"Lead, neurostimulator test kit (implantable)"
NP04Z,Facility,63650,CPT,true,1.0,Percutaneous implantation trial electrode
NP04Z,Facility,0370,Rev Code,false,0.8277504280821918,General
NP04Z,Facility,J2405,HCPCS,false,0.9434931506849316,"Injection, ondansetron hydrochloride, per 1 MG"
OP52Z,Facility,797,MS-DRG,true,,Vaginal Delivery with Sterilization or D&C with CC
OP52Z,Facility,807,MS-DRG,true,,Vaginal Delivery without Sterilization or D&C without CC/MCC
OP52Z,Professional,58605,CPT,false,0.6828501735622479,"Ligation or transection of fallopian tube(s), abdominal or vaginal approach, postpartum, unilateral or bilateral, during same hospitalization (separate procedure)"
OP52Z,Professional,99472,CPT,false,0.7727272727272727,"Subsequent inpatient pediatric critical care, per day, for the evaluation and management of a critically ill infant or young child, 29 days through 24 months of age"
OP52Z,Facility,0302,Rev Code,false,0.9650924929902834,Immunology
OP52Z,Facility,0722,Rev Code,false,0.8207863814579035,Delivery
OP52Z,Professional,99232,CPT,false,0.7879277078623484,"Subsequent hospital inpatient or observation care, per day, for the evaluation and management of a patient, which requires a medically appropriate history and/or examination and moderate level of medical decision making. when using total time on the date of the encounter for code selection, 35 minutes must be met or exceeded"
OP52Z,Professional,01967,CPT,false,0.9580773955773956,Neuraxial labor analgesia/anesthesia for planned vaginal delivery (this includes any repeat subarachnoid needle placement and drug injection and/or any necessary replacement of an epidural catheter during labor)
OP52Z,Professional,59025,CPT,false,0.6515056723390056,Fetal non-stress test
OP52Z,Facility,0272,Rev Code,false,0.491001992699314,Sterile
OP52Z,Facility,0360,Rev Code,false,0.3078867394383997,General
OP52Z,Facility,788,MS-DRG,true,,Cesarean Section without Sterilization without CC/MCC
OP52Z,Facility,783,MS-DRG,true,,Cesarean Section with Sterilization with MCC
OP52Z,Professional,88302,CPT,false,0.6602949437011146,"Level II - surgical pathology, gross and microscopic examination"
OP52Z,Professional,74018,CPT,false,0.5909090909090909,X-ray of abdomen with 1 image
OP52Z,Facility,0720,Rev Code,false,0.8207863814579035,General
OP52Z,Facility,798,MS-DRG,true,,Vaginal Delivery with Sterilization or D&C without CC/MCC
OP52Z,Facility,796,MS-DRG,true,,Vaginal Delivery with Sterilization or D&C with MCC
OP52Z,Facility,787,MS-DRG,true,,Cesarean Section without Sterilization with CC
OP52Z,Professional,88305,CPT,false,0.5757575757575758,"Level IV - surgical pathology, gross and microscopic examination"
OP52Z,Professional,00851,CPT,false,0.7289145323201051,Anesthesia for intraperitoneal procedures in lower abdomen including laparoscopy; Tubal ligation/transection
OP52Z,Facility,0305,Rev Code,false,0.9650924929902834,Hematology
OP52Z,Facility,768,MS-DRG,true,,Vaginal Delivery with O.R. Procedures
OP52Z,Facility,805,MS-DRG,true,,Vaginal Delivery without Sterilization or D&C with MCC
OP52Z,Professional,59160,CPT,false,0.6515151515151515,"Curettage, postpartum"
OP52Z,Professional,58611,CPT,false,0.8079666845426717,Ligation or transection of fallopian tube(s) when done at the time of cesarean delivery or intra-abdominal surgery (not a separate procedure) (list separately in addition to code for primary procedure)
OP52Z,Facility,0301,Rev Code,false,0.9650924929902834,Chemistry
OP52Z,Facility,0250,Rev Code,false,0.9689926581668342,General
OP52Z,Facility,806,MS-DRG,true,,Vaginal Delivery without Sterilization or D&C with CC
OP52Z,Facility,784,MS-DRG,true,,Cesarean Section with Sterilization with CC
OP52Z,Facility,0710,Rev Code,false,0.36580286972213893,General
OP52Z,Facility,0370,Rev Code,false,0.5743999858923943,General
OP52Z,Facility,786,MS-DRG,true,,Cesarean Section without Sterilization with MCC
OP52Z,Professional,88307,CPT,false,0.7098087392205039,"Level v - surgical pathology, gross and microscopic examination"
OP52Z,Professional,01968,CPT,false,0.6873343932167462,Anesthesia for cesarean delivery following neuraxial labor analgesia/anesthesia (list separately in addition to code for primary procedure performed)
OP52Z,Professional,99231,CPT,false,0.5794188796639776,"Subsequent hospital inpatient or observation care, per day, for the evaluation and management of a patient, which requires a medically appropriate history and/or examination and straightforward or low level of medical decision making. when using total time on the date of the encounter for code selection, 25 minutes must be met or exceeded"
OP52Z,Facility,0300,Rev Code,false,0.9650924929902834,General
OP52Z,Facility,785,MS-DRG,true,,Cesarean Section with Sterilization without CC/MCC
OP52Z,Professional,71045,CPT,false,1.0,X-ray of chest for viewing single structure
OP52Z,Professional,00940,CPT,false,0.5757575757575758,"Anesthesia for vaginal procedures (including biopsy of labia, vagina, cervix or endometrium); Not otherwise specified"
OP52Z,Professional,01961,CPT,false,1.0,Anesthesia for cesarean delivery only
PE01Z,Facility,94060,CPT,true,1.0,"Bronchodilation responsiveness, spirometry as in 94010, pre- and post-bronchodilator administration"
PE01Z,Facility,94621,CPT,true,1.0,"Cardiopulmonary exercise testing, including measurements of minute ventilation, CO2 production, O2 uptake, and electrocardiographic recordings"
PE01Z,Facility,94200,CPT,true,1.0,"Maximum breathing capacity, maximal voluntary ventilation"
PE01Z,Facility,94010,CPT,true,1.0,"Spirometry, including graphic record, total and timed vital capacity, expiratory flow rate measurement(s), with or without maximal voluntary ventilation"
PE01Z,Facility,94618,CPT,true,1.0,"Pulmonary stress testing (e.g., 6-minute walk test), including measurement of heart rate, oximetry, and oxygen titration, when performed"
PE01Z,Facility,94726,CPT,true,1.0,"Plethysmography for determination of lung volumes and, when performed, airway resistance"
PE01Z,Facility,94617,CPT,true,1.0,"Exercise test for bronchospasm, including pre- and post-spirometry and pulse oximetry; With electrocardiographic recording(s)"
PE01Z,Facility,94728,CPT,true,1.0,Airway resistance by oscillometry
PE01Z,Facility,94375,CPT,true,1.0,Respiratory flow volume loop
PE01Z,Facility,94150,CPT,true,1.0,"Vital capacity, total (separate procedure)"
PE01Z,Facility,94070,CPT,true,1.0,"Bronchospasm provocation evaluation, multiple spirometric determinations as in 94010, with administered agents (e.g., antigen[s], cold air, methacholine)"
PE01Z,Facility,94727,CPT,true,1.0,"Gas dilution or washout for determination of lung volumes and, when performed, distribution of ventilation and closing volumes"
PP01Z,Facility,87070,CPT,false,1.0,"Culture, bacterial; Any other source except urine, blood or stool, aerobic, with isolation and presumptive identification of isolates"
PP01Z,Facility,31628,CPT,true,1.0,"Rigid/flexible bronchoscopy with x-ray guidance, single lobe transbronchial biopsy"
PP01Z,Facility,31623,CPT,true,1.0,"Rigid or flexible bronchoscopy with fluoroscopic guidance, including brushing or protected brushings"
PP01Z,Facility,J2405,HCPCS,false,1.0,"Injection, ondansetron hydrochloride, per 1 MG"
PP01Z,Facility,87205,CPT,false,1.0,"Smear, primary source with interpretation; Gram or giemsa stain for bacteria, fungi, or cell types"
PP01Z,Facility,J2704,HCPCS,false,1.0,"Injection, propofol, 10 MG"
PP01Z,Facility,87116,CPT,false,1.0,"Culture, tubercle or other acid-fast bacilli (e.g., TB, afb, mycobacteria) any source, with isolation and presumptive identification of isolates"
PP01Z,Facility,31625,CPT,true,1.0,Flexible or rigid bronchoscopy with fluoroscopic guidance and endobronchial biopsy(s)
PP01Z,Facility,31635,CPT,true,1.0,Bronchoscopy with foreign body removal
PP01Z,Facility,J1100,HCPCS,false,1.0,"Injection, dexamethasone sodium phosphate, 1 MG"
PP01Z,Facility,31627,CPT,false,1.0,"Bronchoscopy, rigid or flexible, including fluoroscopic guidance, when performed; With computer-assisted, image-guided navigation (list separately in addition to code for primary procedure[s])"
PP01Z,Professional,00520,CPT,false,0.9350010917113679,Anesthesia for closed chest procedures; (Including bronchoscopy) not otherwise specified
PP01Z,Facility,J3010,HCPCS,false,1.0,"Injection, fentanyl citrate, 0.1 MG"
PP01Z,Facility,88173,CPT,false,1.0,"Cytopathology, evaluation of fine needle aspirate; Interpretation and report"
PP01Z,Facility,89051,CPT,false,1.0,"Cell count, miscellaneous body fluids (e.g., cerebrospinal fluid, joint fluid), except blood; With differential count"
PP01Z,Facility,87102,CPT,false,1.0,"Culture, fungi (mold or yeast) isolation, with presumptive identification of isolates; Other source (except blood)"
PP01Z,Facility,31641,CPT,true,1.0,"Bronchoscopy, rigid or flexible; With destruction of tumor or relief of stenosis by any method"
PP01Z,Facility,0710,Rev Code,false,1.0,General
PP01Z,Facility,87015,CPT,false,1.0,"Concentration (any type), for infectious agents"
PP01Z,Facility,0370,Rev Code,false,1.0,General
PP01Z,Facility,71045,CPT,false,0.6067169470766454,X-ray of chest for viewing single structure
PP01Z,Facility,0272,Rev Code,false,1.0,Sterile
PP01Z,Facility,31629,CPT,true,1.0,Rigid or flexible bronchoscopy with fluoroscopy and transbronchial needle aspiration biopsies
PP01Z,Facility,31645,CPT,true,1.0,"Bronchoscopy, rigid or flexible; With therapeutic aspiration of tracheobronchial tree, initial"
PP01Z,Facility,31652,CPT,true,1.0,Rigid or flexible bronchoscopy with ebus-guided biopsy of one to two lymph nodes
PP01Z,Facility,88112,CPT,false,1.0,"Cytopathology, selective cellular enhancement technique with interpretation (e.g., liquid based slide preparation method), except cervical or vaginal"
PP01Z,Facility,31640,CPT,true,1.0,"Bronchoscopy, rigid or flexible; With excision of tumor"
PP01Z,Facility,31653,CPT,true,1.0,Rigid or flexible bronchoscopy with ebus-guided transtracheal aspirates/biopsies from 3+ lymph nodes
PP01Z,Professional,31654,CPT,false,0.5909774436090226,"Bronchoscopy, rigid or flexible, including fluoroscopic guidance, when performed; With transendoscopic endobronchial ultrasound (ebus) during bronchoscopic diagnostic or therapeutic intervention(s) for peripheral lesion(s) (list separately in addition to code for primary procedure[s])"
PP01Z,Facility,31622,CPT,true,1.0,"Bronchoscopy with fluoroscopy, cell washing"
PP01Z,Facility,31624,CPT,true,1.0,"Rigid/flexible bronchoscopy, including fluoroscopy & bronchial alveolar lavage"
PP01Z,Facility,87206,CPT,false,1.0,"Smear, primary source with interpretation; Fluorescent and/or acid fast stain for bacteria, fungi, parasites, viruses or cell types"
PP01Z,Facility,88305,CPT,false,1.0,"Level IV - surgical pathology, gross and microscopic examination"
PP01Z,Facility,0250,Rev Code,false,1.0,General
PP03Z,Facility,37191,CPT,true,1.0,Insertion of intravascular vena cava filter
PP03Z,Facility,J2250,HCPCS,false,1.0,"Injection, midazolam hydrochloride, per 1 MG"
PP03Z,Facility,Q9967,HCPCS,false,1.0,"Low osmolar contrast material, 300-399 MG/ML iodine concentration, per ML"
PP03Z,Facility,J3010,HCPCS,false,1.0,"Injection, fentanyl citrate, 0.1 MG"
PP03Z,Facility,C1880,HCPCS,false,1.0,Vena cava filter
PP03Z,Professional,99152,CPT,false,0.5676109032602886,"Moderate sedation services provided by the same physician or other qualified health care professional performing the diagnostic or therapeutic service that the sedation supports, requiring the presence of an independent trained observer to assist in the monitoring of the Patient's level of consciousness and physiological status; Initial 15 minutes of intraservice time, patient age 5 years or older"
PP03Z,Facility,37193,CPT,true,1.0,Retrieval of intravascular vena cava filter
QP01Z,Facility,J3301,HCPCS,false,0.44110212043909364,"Injection, triamcinolone acetonide, not otherwise specified, 10 MG"
QP01Z,Professional,99213,CPT,false,0.5522388059701494,"Office or other outpatient visit, established patient; Low complexity medical decision making, 20-29 min"
QP01Z,Facility,J2405,HCPCS,false,0.44110212043909364,"Injection, ondansetron hydrochloride, per 1 MG"
QP01Z,Facility,31561,CPT,true,1.0,"Laryngoscopy, direct, operative, with arytenoidectomy; With operating microscope or telescope"
QP01Z,Professional,88305,CPT,false,0.5029124354213527,"Level IV - surgical pathology, gross and microscopic examination"
QP01Z,Facility,0370,Rev Code,false,0.4382163840568836,General
QP01Z,Facility,0710,Rev Code,false,0.4629990881073032,General
QP01Z,Facility,31575,CPT,true,1.0,"Laryngoscopy, flexible; Diagnostic"
QP01Z,Facility,31536,CPT,true,1.0,"Laryngoscopy, direct, operative, with biopsy; With operating microscope or telescope"
QP01Z,Facility,31570,CPT,true,1.0,"Laryngoscopy, direct, with injection into vocal cord(s), therapeutic"
QP01Z,Facility,31535,CPT,true,1.0,"Laryngoscopy, direct, operative, with biopsy; Other than newborn"
QP01Z,Facility,C1726,HCPCS,false,0.36333729641129825,"Catheter, balloon dilatation, non-vascular"
QP01Z,Professional,00320,CPT,false,0.9995455807730176,"Anesthesia for all procedures on esophagus, thyroid, larynx, trachea and lymphatic system of neck; Not otherwise specified, age 1 year or older"
QP01Z,Facility,31541,CPT,true,1.0,"Laryngoscopy, direct, operative, with excision of tumor and/or stripping of vocal cords or epiglottis; With operating microscope or telescope"
QP01Z,Facility,31545,CPT,true,1.0,"Laryngoscopy, direct, operative, with operating microscope or telescope, with submucosal removal of non-neoplastic lesion(s) of vocal cord; Reconstruction with local tissue flap(s)"
QP01Z,Facility,31573,CPT,true,1.0,"Laryngoscopy, flexible; With therapeutic injection(s) (e.g., chemodenervation agent or corticosteroid, injected percutaneous, transoral, or via endoscope channel), unilateral"
QP01Z,Facility,31576,CPT,true,1.0,"Laryngoscopy, flexible; With biopsy(ies)"
QP01Z,Facility,31525,CPT,true,1.0,"Laryngoscopy direct, with or without tracheoscopy; Diagnostic, except newborn"
QP01Z,Facility,J2704,HCPCS,false,0.44110212043909364,"Injection, propofol, 10 MG"
QP01Z,Facility,G0463,HCPCS,false,1.0,Outpatient clinic visit to evaluate and treat patient
QP01Z,Facility,31526,CPT,true,1.0,"Laryngoscopy direct, with or without tracheoscopy; Diagnostic, with operating microscope or telescope"
QP01Z,Facility,J3010,HCPCS,false,0.44110212043909364,"Injection, fentanyl citrate, 0.1 MG"
QP01Z,Facility,31505,CPT,true,1.0,"Laryngoscopy, indirect; Diagnostic (separate procedure)"
QP01Z,Facility,31574,CPT,true,1.0,"Laryngoscopy, flexible; With injection(s) for augmentation (e.g., percutaneous, transoral), unilateral"
QP01Z,Facility,31529,CPT,true,1.0,"Laryngoscopy direct, with or without tracheoscopy; With dilation, subsequent"
QP01Z,Facility,0250,Rev Code,false,0.5166737848164095,General
QP01Z,Facility,31571,CPT,true,1.0,"Laryngoscopy, direct, with injection into vocal cord(s), therapeutic; With operating microscope or telescope"
QP01Z,Facility,J1100,HCPCS,false,0.44110212043909364,"Injection, dexamethasone sodium phosphate, 1 MG"
QP01Z,Facility,31530,CPT,true,1.0,"Laryngoscopy, direct, operative, with foreign body removal"
QP01Z,Facility,31528,CPT,true,1.0,"Laryngoscopy direct, with or without tracheoscopy; With dilation, initial"
QP01Z,Professional,99285,CPT,false,0.576271186440678,ED visit for complex medical decision-making involving history/exam/counseling
QP01Z,Facility,J2250,HCPCS,false,0.44110212043909364,"Injection, midazolam hydrochloride, per 1 MG"
QP01Z,Facility,31572,CPT,true,1.0,"Laryngoscopy, flexible; With ablation or destruction of lesion(s) with laser, unilateral"
QP03Z,Facility,J2704,HCPCS,false,0.8812047646869448,"Injection, propofol, 10 MG"
QP03Z,Facility,42835,CPT,true,1.0,Adenoidectomy secondary under/over 12
QP03Z,Facility,J2250,HCPCS,false,0.8812047646869448,"Injection, midazolam hydrochloride, per 1 MG"
QP03Z,Professional,00170,CPT,false,1.0,"Anesthesia for intraoral procedures, including biopsy; Not otherwise specified"
QP03Z,Facility,0710,Rev Code,false,1.0,General
QP03Z,Facility,42825,CPT,true,1.0,"Tonsillectomy, primary or secondary; Younger than age 12"
QP03Z,Facility,42836,CPT,true,1.0,Adenoidectomy secondary under/over 12
QP03Z,Facility,0250,Rev Code,false,1.0,General
QP03Z,Facility,88304,CPT,false,0.34815839364708406,"Level III - surgical pathology, gross and microscopic examination"
QP03Z,Facility,42826,CPT,true,1.0,"Tonsillectomy, primary or secondary; Age 12 or over"
QP03Z,Facility,J2405,HCPCS,false,0.8812047646869448,"Injection, ondansetron hydrochloride, per 1 MG"
QP03Z,Facility,42820,CPT,true,1.0,Tonsil and adenoid removal surgery in children under 12 years old
QP03Z,Facility,42821,CPT,true,1.0,Tonsillectomy and adenoidectomy; Age 12 or over
QP03Z,Facility,J3010,HCPCS,false,0.8812047646869448,"Injection, fentanyl citrate, 0.1 MG"
QP03Z,Facility,42831,CPT,true,1.0,Adenoidectomy primary under/over 12
QP03Z,Facility,42830,CPT,true,1.0,Adenoidectomy primary under/over 12
QP03Z,Facility,J1100,HCPCS,false,0.8812047646869448,"Injection, dexamethasone sodium phosphate, 1 MG"
QP03Z,Facility,0370,Rev Code,false,1.0,General
QP090,Facility,69209,CPT,true,1.0,"Removal impacted cerumen using irrigation/lavage, unilateral"
QP090,Facility,69210,CPT,true,1.0,"Removal impacted cerumen requiring instrumentation, unilateral"
R0020,Facility,92557,CPT,true,1.0,Comprehensive audiometry threshold evaluation and speech recognition
R0020,Facility,92552,CPT,true,1.0,Pure tone audiometry (threshold); Air only
R0020,Facility,92567,CPT,false,1.0,Tympanometry (impedance testing)
R0020,Facility,92587,CPT,true,1.0,"Distortion product evoked otoacoustic emissions, limited"
R0020,Professional,99214,CPT,false,0.5329444804493411,"Office or other outpatient visit, established patient; Moderate complexity medical decision making, 30-39 min"
R0020,Professional,99213,CPT,false,1.0,"Office or other outpatient visit, established patient; Low complexity medical decision making, 20-29 min"
R003Z,Facility,71270,CPT,true,1.0,CT thorax w/o & w/dye
R003Z,Facility,73702,CPT,true,1.0,"Computed tomography (CT), lower extremity; Without contrast material, followed by contrast material(s) and further sections"
R003Z,Facility,72193,CPT,true,1.0,"Computed tomography (CT), pelvis; With contrast material(s)"
R003Z,Facility,71271,CPT,true,1.0,"Computed tomography (CT), thorax, low dose for lung cancer screening, without contrast material(s)"
R003Z,Facility,72129,CPT,true,1.0,"Computed tomography (CT), thoracic spine; With contrast material"
R003Z,Facility,72194,CPT,true,1.0,"Computed tomography (CT), pelvis; Without contrast material, followed by contrast material(s) and further sections"
R003Z,Facility,76497,CPT,true,1.0,CT procedure
R003Z,Facility,74160,CPT,true,1.0,"Computed tomography (CT), abdomen; With contrast material(s)"
R003Z,Facility,73700,CPT,true,1.0,"Computed tomography (CT), lower extremity; Without contrast material"
R003Z,Facility,73206,CPT,true,1.0,"Computed tomographic (CT) angiography, upper extremity, with contrast material(s), including noncontrast images, if performed, and image postprocessing"
R003Z,Facility,70460,CPT,true,1.0,"Computed tomography (CT), head or brain; With contrast material(s)"
R003Z,Facility,74263,CPT,true,1.0,"Computed tomographic (CT) (CT) colonography, screening, including image postprocessing"
R003Z,Facility,74178,CPT,true,1.0,"Computed tomography (CT), abdomen and pelvis; Without contrast material in one or both body regions, followed by contrast material(s) and further sections in one or both body regions"
R003Z,Professional,78226,CPT,false,1.0,"CT scan imaging of liver, gallbladder, and bile ducts"
R003Z,Facility,73202,CPT,true,1.0,"Computed tomography (CT), upper extremity; Without contrast material, followed by contrast material(s) and further sections"
R003Z,Facility,70486,CPT,true,1.0,"Computed tomography (CT), maxillofacial area; Without contrast material"
R003Z,Facility,70482,CPT,true,1.0,"Computed tomography (CT), orbit, sella, or posterior fossa or outer, middle, or inner ear; Without contrast material, followed by contrast material(s) and further sections"
R003Z,Facility,72130,CPT,true,1.0,"Computed tomography (CT), thoracic spine; Without contrast material, followed by contrast material(s) and further sections"
R003Z,Facility,75573,CPT,true,1.0,"Computed tomography (CT), heart, with contrast material(s), including noncontrast images, if performed, and image postprocessing; Cardiac structure and morphology in congenital heart disease"
R003Z,Facility,72127,CPT,true,1.0,"Computed tomography (CT), cervical spine; Without contrast material, followed by contrast material(s) and further sections"
R003Z,Facility,73200,CPT,true,1.0,"Computed tomography (CT), upper extremity; Without contrast material"
R003Z,Facility,72125,CPT,true,1.0,"Computed tomography (CT), cervical spine; Without contrast material"
R003Z,Facility,74261,CPT,true,1.0,"Computed tomographic (CT) (CT) colonography, diagnostic, including image postprocessing; Without contrast material"
R003Z,Facility,71260,CPT,true,1.0,CT thorax w/dye
R003Z,Facility,76380,CPT,true,1.0,"Computed tomography (CT), limited or localized follow-up study"
R003Z,Facility,70488,CPT,true,1.0,"Computed tomography (CT), maxillofacial area; Without contrast material, followed by contrast material(s) and further sections"
R003Z,Facility,75572,CPT,true,1.0,"Computed tomography (CT), heart, with contrast material(s), including noncontrast images, if performed, and image postprocessing; Cardiac structure and morphology (including evaluation of cardiac chambers and pulmonary veins for pre-procedural planning)"
R003Z,Facility,72133,CPT,true,1.0,"Computed tomography (CT), lumbar spine; Without contrast material, followed by contrast material(s) and further sections"
R003Z,Facility,70470,CPT,true,1.0,"Computed tomography (CT), head or brain; Without contrast material, followed by contrast material(s) and further sections"
R003Z,Facility,71250,CPT,true,1.0,CT thorax w/o dye
R003Z,Facility,74176,CPT,true,1.0,CT scan of abdomen and pelvis without contrast
R003Z,Facility,73201,CPT,true,1.0,"Computed tomography (CT), upper extremity; With contrast material(s)"
R003Z,Facility,70481,CPT,true,1.0,"Computed tomography (CT), orbit, sella, or posterior fossa or outer, middle, or inner ear; With contrast material(s)"
R003Z,Facility,70492,CPT,true,1.0,"Computed tomography (CT), soft tissue neck; Without contrast material followed by contrast material(s) and further sections"
R003Z,Facility,70450,CPT,true,1.0,"Computed tomography (CT), head or brain; Without contrast material"
R003Z,Facility,70487,CPT,true,1.0,"Computed tomography (CT), maxillofacial area; With contrast material(s)"
R003Z,Facility,72132,CPT,true,1.0,"Computed tomography (CT), lumbar spine; With contrast material"
R003Z,Facility,73701,CPT,true,1.0,"Computed tomography (CT), lower extremity; With contrast material(s)"
R003Z,Facility,72126,CPT,true,1.0,"Computed tomography (CT), cervical spine; With contrast material"
R003Z,Facility,77078,CPT,true,1.0,"Computed tomography (CT), bone mineral density study, 1 or more sites; Axial skeleton (e.g., hips, pelvis, spine)"
R003Z,Facility,70490,CPT,true,1.0,"Computed tomography (CT), soft tissue neck; Without contrast material"
R003Z,Facility,74170,CPT,true,1.0,"Computed tomography (CT), abdomen; Without contrast material, followed by contrast material(s) and further sections"
R003Z,Facility,72192,CPT,true,1.0,"Computed tomography (CT), pelvis; Without contrast material"
R003Z,Facility,74150,CPT,true,1.0,"Computed tomography (CT), abdomen; Without contrast material"
R003Z,Facility,74174,CPT,true,1.0,"Computed tomographic (CT) angiography, abdomen and pelvis, with contrast material(s), including noncontrast images, if performed, and image postprocessing"
R003Z,Facility,74262,CPT,true,1.0,"Computed tomographic (CT) (CT) colonography, diagnostic, including image postprocessing; With contrast material(s) including non-contrast images, if performed"
R003Z,Facility,74177,CPT,true,1.0,CT scan of abdomen and pelvis with contrast material
R003Z,Facility,70491,CPT,true,1.0,"Computed tomography (CT), soft tissue neck; With contrast material(s)"
R003Z,Facility,72131,CPT,true,1.0,"Computed tomography (CT), lumbar spine; Without contrast material"
R003Z,Facility,72128,CPT,true,1.0,"Computed tomography (CT), thoracic spine; Without contrast material"
R003Z,Facility,70480,CPT,true,1.0,"Computed tomography (CT), orbit, sella, or posterior fossa or outer, middle, or inner ear; Without contrast material"
R004Z,Facility,70496,CPT,true,1.0,"CT angiography, head, with contrast material(s)"
R004Z,Facility,75635,CPT,true,1.0,"CTA aorto-iliofemoral runoff, no contrast"
R004Z,Facility,75571,CPT,true,1.0,"CT, heart; Non-contrast, coronary artery calcium scoring"
R004Z,Facility,75574,CPT,true,1.0,"Cardiac CTA without calcium score, with contrast"
R004Z,Facility,73706,CPT,true,1.0,Ctalower extremity with contrast material
R004Z,Facility,74175,CPT,true,1.0,"Computed tomographic (CT) angiography, abdomen, with contrast material(s), including noncontrast images, if performed, and image postprocessing"
R004Z,Facility,70498,CPT,true,1.0,"Computed tomographic (CT) angiography, neck, with contrast material(s), including noncontrast images, if performed, and image postprocessing"
R004Z,Facility,72191,CPT,true,1.0,"CTA pelvis, with contrast, including noncontrast images"
R004Z,Facility,71275,CPT,true,1.0,"CTA chest, noncoronary, with contrast"
R0050,Facility,77086,CPT,true,1.0,Vertebral fracture assessment via dual-energy x-ray absorptiometry (DXA)
R0050,Facility,77081,CPT,true,1.0,"Dual-energy x-ray absorptiometry (DXA), bone density study; Appendicular skeleton (peripheral)"
R0050,Facility,77080,CPT,true,1.0,"Dual-energy x-ray absorptiometry (DXA), bone density study; Axial skeleton (spine, pelvis)"
R0050,Facility,77085,CPT,true,1.0,"Dual-energy x-ray absorptiometry (DXA), bone density study; Axial skeleton, including vertebral fracture assessment"
R0060,Facility,93325,CPT,true,1.0,Doppler echocardiography color flow velocity mapping
R0060,Facility,93351,CPT,true,1.0,Transthoracic echocardiogram (tte) performed during a cardiovascular stress test; With monitoring & supervision
R0060,Facility,93303,CPT,true,1.0,"Transthoracic echocardiography, congenital cardiac anomalies; Complete"
R0060,Facility,93307,CPT,true,1.0,"Transthoracic echocardiography, complete, without doppler"
R0060,Facility,93350,CPT,true,1.0,Transthoracic echocardiogram (tte) performed during a cardiovascular stress test
R0060,Facility,93321,CPT,true,1.0,"Doppler echocardiography, follow-up or limited study"
R0060,Facility,93308,CPT,true,1.0,"Transthoracic echocardiography, limited or follow-up"
R0060,Facility,93306,CPT,true,1.0,"Transthoracic echocardiography (tte), complete, with 2d, m-mode, spectral doppler, and color flow doppler"
R0060,Facility,93315,CPT,true,1.0,Transesophageal echocardiography (tee) for congenital cardiac anomalies; Complete
R0060,Facility,93320,CPT,true,1.0,"Doppler echocardiography, pulsed or continuous wave, spectral display"
R0060,Facility,93304,CPT,true,1.0,"Transthoracic echocardiography, congenital cardiac anomalies; Follow-up or limited"
R0060,Facility,93312,CPT,true,1.0,Transesophageal echocardiography (tee) for congenital cardiac anomalies; Complete
R0080,Facility,77065,CPT,true,1.0,"Diagnostic mammography with CAD, unilateral workup"
R0080,Facility,77066,CPT,true,1.0,"Diagnostic mammography, including CAD, bilateral, both breasts"
R0080,Facility,77067,CPT,true,1.0,Bilateral mammography screening with computer-aided detection (CAD)
R0090,Facility,78452,CPT,true,1.0,"Myocardial perfusion imaging, tomographic (SPECT); Multiple studies, at rest and/or stress, including attenuation correction and ejection fraction"
R0090,Facility,78451,CPT,true,1.0,"Myocardial perfusion imaging, SPECT; Single study"
R0090,Facility,78454,CPT,true,1.0,"Myocardial perfusion imaging, planar; Multiple studies"
R010Z,Facility,70542,CPT,true,1.0,"MRI of orbit, face, and/or neck; With contrast material(s)"
R010Z,Facility,77084,CPT,true,1.0,MRI of bone marrow blood supply
R010Z,Facility,77046,CPT,true,1.0,"MRI of breast, without contrast material; Unilateral"
R010Z,Facility,70548,CPT,true,1.0,"MR angiography, neck; With contrast material(s)"
R010Z,Facility,70545,CPT,true,1.0,"MR angiography, head; With contrast material(s)"
R0110,Facility,76391,CPT,true,1.0,"Magnetic resonance (e.g., vibration) elastography"
R013Z,Facility,72156,CPT,true,1.0,"MRI of cervical spine; Without contrast, followed by with contrast"
R013Z,Facility,73720,CPT,true,1.0,MRI of lower extremity without contrast then with contrast
R013Z,Facility,73223,CPT,true,1.0,"MRI of any joint of upper extremity; Without contrast, followed by with contrast"
R013Z,Facility,70543,CPT,true,1.0,"MRI of orbit, face, and/or neck; Without contrast followed by with contrast"
R013Z,Facility,74182,CPT,true,1.0,MRI of abdomen; With contrast material(s)
R013Z,Facility,72147,CPT,true,1.0,MRI of thoracic spine; With contrast material(s)
R013Z,Facility,70552,CPT,true,1.0,"Magnetic resonance (e.g., proton) imaging, brain (including brain stem); With contrast material(s)"
R013Z,Facility,73219,CPT,true,1.0,MRI of upper extremity (other than joint); With contrast material(s)
R013Z,Facility,70547,CPT,true,1.0,MRI-based imaging of neck arteries without contrast agents
R013Z,Facility,71552,CPT,true,1.0,"MRI of chest; Without contrast, followed by with contrast"
R013Z,Facility,72146,CPT,true,1.0,MRI of thoracic spine; Without contrast material
R013Z,Facility,70551,CPT,true,1.0,MRI proton brain including brainstem without contrast
R013Z,Facility,75557,CPT,true,1.0,Cardiac MRI for morphology and function; Without contrast material
R013Z,Facility,72196,CPT,true,1.0,MRI of pelvis; With contrast material(s)
R013Z,Facility,71551,CPT,true,1.0,MRI of chest; With contrast material(s)
R013Z,Facility,77049,CPT,true,1.0,MRI of bilateral breasts with contrast and CAD analysis
R013Z,Facility,73721,CPT,true,1.0,"Magnetic resonance imaging (MRI) of any joint in the lower extremity, without contrast"
R013Z,Facility,72149,CPT,true,1.0,MRI of lumbar spine; With contrast material(s)
R013Z,Facility,71550,CPT,true,1.0,MRI of chest; Without contrast material(s)
R013Z,Facility,72158,CPT,true,1.0,"MRI (proton) spine with and without contrast, lumbar"
R013Z,Facility,70336,CPT,true,1.0,MRI of temporomandibular joint(s)
R013Z,Facility,70555,CPT,true,1.0,Functional MRI of brain; With physician or psychologist-administered neurofunctional testing
R013Z,Facility,C8908,HCPCS,true,1.0,Bilateral breast MRI without and with contrast
R013Z,Facility,73723,CPT,true,1.0,"MRI of any joint of lower extremity; Without contrast, followed by with contrast"
R013Z,Facility,72195,CPT,true,1.0,Magnetic resonance imaging (MRI) of pelvis without contrast material
R013Z,Facility,C8906,HCPCS,true,1.0,"Breast MRI with dye, scanning both sides simultaneously"
R013Z,Facility,75561,CPT,true,1.0,Cardiac MRI with pre and post contrast imaging
R013Z,Facility,70540,CPT,true,1.0,"MRI of orbit, face, and/or neck; Without contrast material(s)"
R013Z,Facility,72141,CPT,true,1.0,MRI of cervical spine; Without contrast material
R013Z,Facility,72197,CPT,true,1.0,"MRI of pelvis; Without contrast, followed by with contrast"
R013Z,Facility,72142,CPT,true,1.0,MRI of cervical spine; With contrast material(s)
R013Z,Facility,74183,CPT,true,1.0,"MRI of abdomen; Without contrast, followed by with contrast"
R013Z,Facility,72148,CPT,true,1.0,Proton MRI of lumbar spine without contrast material
R013Z,Facility,77047,CPT,true,1.0,"MRI of breast; Without contrast material, bilateral"
R013Z,Facility,74712,CPT,true,1.0,"Fetal MRI, including placental and maternal pelvic imaging; Single or first gestation"
R013Z,Facility,74181,CPT,true,1.0,Magnetic resonance imaging (MRI) of abdomen without contrast
R013Z,Facility,70549,CPT,true,1.0,"MR angiography, neck; Without contrast, followed by with contrast"
R013Z,Facility,70544,CPT,true,1.0,Non-contrast MRI scan of head's vessels
R013Z,Facility,73722,CPT,true,1.0,MRI of any joint of lower extremity; With contrast material(s)
R013Z,Facility,70554,CPT,true,1.0,Functional MRI of brain; Not requiring physician or psychologist administration
R013Z,Facility,73222,CPT,true,1.0,MRI of any joint of upper extremity; With contrast material(s)
R013Z,Facility,73221,CPT,true,1.0,MRI of upper extremity joint without contrast material
R013Z,Facility,73719,CPT,true,1.0,MRI of lower extremity (other than joint); With contrast material(s)
R013Z,Facility,75563,CPT,true,1.0,"Cardiac MRI for morphology and function; Without contrast, followed by with contrast, with stress imaging"
R013Z,Facility,72157,CPT,true,1.0,"MRI of thoracic spine; Without contrast, followed by with contrast"
R013Z,Facility,70553,CPT,true,1.0,MRI of brain with and without contrast material
R013Z,Facility,73218,CPT,true,1.0,MRI of upper extremity without contrast material
R013Z,Facility,70546,CPT,true,1.0,"MR angiography, head; Without contrast, followed by with contrast"
R013Z,Facility,73718,CPT,true,1.0,MRI scan of lower extremity without contrast material
R013Z,Facility,73220,CPT,true,1.0,"MRI of upper extremity (other than joint); Without contrast, followed by with contrast"
R0140,Facility,76390,CPT,true,1.0,Magnetic resonance spectroscopy
R0150,Facility,78813,CPT,true,1.0,Positron emission tomography (PET) imaging; Whole body
R0150,Facility,78815,CPT,true,1.0,Positron emission tomography (PET) with concurrently acquired computed tomography (CT) (CT) for attenuation correction and anatomical localization imaging; Skull base to mid-thigh
R0150,Facility,78814,CPT,true,1.0,"Positron emission tomography (PET) with concurrently acquired computed tomography (CT) (CT) for attenuation correction and anatomical localization imaging; Limited area (e.g., chest, head/neck)"
R0150,Facility,78492,CPT,true,1.0,"Myocardial imaging, positron emission tomography (PET), perfusion study (including ventricular wall motion and/or ejection fraction when performed); Multiple studies at rest and/or stress"
R0150,Facility,78459,CPT,true,1.0,"Myocardial imaging, positron emission tomography (PET), metabolic evaluation study with or without ECG gating, when performed; Single study"
R0150,Facility,78816,CPT,true,1.0,Positron emission tomography (PET) with concurrently acquired computed tomography (CT) (CT) for attenuation correction and anatomical localization imaging; Whole body
R0150,Facility,78434,CPT,true,1.0,"Absolute quantitation of myocardial blood flow (aqmbf), positron emission tomography (PET), rest and pharmacologic stress (list separately in addition to code for primary procedure)"
R0150,Facility,78608,CPT,true,1.0,"Brain imaging, positron emission tomography (PET); Metabolic evaluation"
R0150,Facility,78812,CPT,true,1.0,Positron emission tomography (PET) imaging; Skull base to mid-thigh
R016Z,Facility,0865T,HCPCS,true,1.0,"Quantitative MRI analysis of brain with comparison to prior MRI study(ies), including lesion identification and brain volume quantification; Without concurrent diagnostic MRI"
R016Z,Facility,0649T,HCPCS,true,1.0,"Quantitative MRI analysis of tissue composition, including data acquisition and interpretation; Single organ, with concurrent diagnostic MRI (add-on)"
R016Z,Facility,0648T,HCPCS,true,1.0,"Quantitative MRI analysis of tissue composition, including data acquisition and interpretation; Single organ, without concurrent diagnostic MRI"
R016Z,Facility,0866T,HCPCS,true,1.0,"Quantitative MRI analysis of brain with comparison to prior MRI study(ies), including lesion detection and brain volume quantification; With concurrent diagnostic MRI (add-on)"
R017Z,Facility,76830,CPT,true,1.0,"Ultrasound, transvaginal"
R017Z,Facility,76604,CPT,true,1.0,"Ultrasound, chest, real-time with image documentation"
R017Z,Facility,76826,CPT,true,1.0,"Echocardiography, fetal, cardiovascular system, real time with image documentation (2d), with or without m-mode recording; Follow-up or repeat study"
R017Z,Facility,76857,CPT,true,1.0,"Ultrasound, pelvic (nonobstetric), real time with image documentation; Limited or follow-up (e.g., for follicles)"
R017Z,Professional,93892,CPT,false,1.0,Transcranial doppler study of the intracranial arteries; Emboli detection without provocative maneuvers
R017Z,Facility,76856,CPT,true,1.0,"Ultrasound, pelvic (nonobstetric), real time with image documentation; Complete"
R017Z,Facility,76815,CPT,true,1.0,"Ultrasound, pregnant uterus, real time with image documentation, limited (e.g., fetal heartbeat, placental location, fetal position and/or qualitative amniotic fluid volume), 1 or more fetuses"
R017Z,Facility,76827,CPT,true,1.0,"Echocardiography, fetal, cardiovascular system, real time with image documentation (2d), with or without m-mode recording; Doppler complete"
R017Z,Facility,76506,CPT,true,1.0,"Echoencephalography, real time with image documentation (gray scale) (for determination of ventricular size, delineation of cerebral contents, and detection of fluid masses or other intracranial abnormalities)"
R017Z,Facility,76642,CPT,true,1.0,"Ultrasound, breast, unilateral, real time with image documentation, including axilla when performed; Limited"
R017Z,Facility,76641,CPT,true,1.0,"Ultrasound, breast, unilateral, real time with image documentation, including axilla when performed; Complete"
R017Z,Facility,76882,CPT,true,1.0,"Ultrasound, limited, joint or other nonvascular extremity structure(s) (e.g., joint space, peri-articular tendon[s], muscle[s], nerve[s], other soft-tissue structure[s], or soft-tissue mass[es]), real-time with image documentation"
R017Z,Facility,76775,CPT,true,1.0,"Ultrasound, retroperitoneal (e.g., renal, aorta, nodes), real time with image documentation; Limited"
R017Z,Facility,93981,CPT,true,1.0,Duplex scan of penile arteries; Follow-up or limited study
R017Z,Facility,76812,CPT,true,1.0,"Ultrasound, pregnant uterus, real time with image documentation, fetal and maternal evaluation plus detailed fetal anatomic examination, transabdominal approach; Each additional gestation (list separately in addition to code for primary procedure)"
R017Z,Professional,93985,CPT,false,1.0,Duplex scan of arterial inflow and venous outflow for preoperative vessel assessment prior to creation of hemodialysis access; Complete bilateral study
R017Z,Professional,93986,CPT,false,1.0,Duplex scan of arterial inflow and venous outflow for preoperative vessel assessment prior to creation of hemodialysis access; Complete unilateral study
R017Z,Professional,93888,CPT,false,1.0,Transcranial doppler study of the intracranial arteries; Limited study
R017Z,Facility,76998,CPT,true,1.0,"Ultrasonic guidance, intraoperative"
R017Z,Facility,76872,CPT,true,1.0,"Ultrasound, transrectal"
R017Z,Facility,76821,CPT,true,1.0,"Doppler velocimetry, fetal; Middle cerebral artery"
R017Z,Facility,76811,CPT,true,1.0,"Ultrasound, pregnant uterus, real time with image documentation, fetal and maternal evaluation plus detailed fetal anatomic examination, transabdominal approach; Single or first gestation"
R017Z,Facility,76770,CPT,true,1.0,"Ultrasound, retroperitoneal (e.g., renal, aorta, nodes), real time with image documentation; Complete"
R017Z,Facility,76828,CPT,true,1.0,"Echocardiography, fetal, cardiovascular system, real time with image documentation (2d), with or without m-mode recording; Doppler follow-up or repeat study"
R017Z,Facility,76776,CPT,true,1.0,"Ultrasound, transplanted kidney, real time and duplex doppler with image documentation"
R017Z,Facility,76705,CPT,true,1.0,"Ultrasound, abdominal, real time with image documentation; Limited (e.g., single organ, quadrant, follow-up)"
R017Z,Facility,76805,CPT,true,1.0,"Ultrasound, pregnant uterus, real time with image documentation, fetal and maternal evaluation, after first trimester (>= 14 weeks 0 days), transabdominal approach; Single or first gestation"
R017Z,Professional,93971,CPT,false,1.0,Duplex scan of extremity veins including responses to compression and other maneuvers; Unilateral or limited study
R017Z,Professional,93882,CPT,false,1.0,Duplex scan of extracranial arteries; Unilateral or limited study
R017Z,Professional,93925,CPT,false,1.0,Duplex scan of lower extremity arteries or arterial bypass grafts; Complete bilateral study
R017Z,Professional,93922,CPT,false,1.0,Upr/l xtremity art 2 levels extremity study
R017Z,Professional,93923,CPT,false,1.0,Upr/lxtr art stdy 3+ lvls extremity study
R017Z,Facility,76873,CPT,true,1.0,"Ultrasound, transrectal; Prostate volume study for brachytherapy treatment planning (separate procedure)"
R017Z,Facility,76881,CPT,true,1.0,"Ultrasound, complete joint (i.e., joint space and peri-articular soft-tissue structures), real-time with image documentation"
R017Z,Facility,76820,CPT,true,1.0,"Doppler velocimetry, fetal; Umbilical artery"
R017Z,Professional,93980,CPT,false,1.0,Duplex scan of penile arteries; Complete study
R017Z,Professional,93886,CPT,false,1.0,Transcranial doppler study of the intracranial arteries; Complete study
R017Z,Professional,93979,CPT,false,1.0,"Duplex scan of aorta, iliac vasculature, or bypass grafts; Unilateral or limited study"
R017Z,Professional,93924,CPT,false,1.0,Lwr xtr vasc stdy bilat extremity study
R017Z,Professional,93930,CPT,false,1.0,Duplex scan of upper extremity arteries or arterial bypass grafts; Complete bilateral study
R017Z,Professional,93978,CPT,false,1.0,"Duplex scan of aorta, iliac vasculature, or bypass grafts; Complete study"
R017Z,Professional,93970,CPT,false,1.0,Duplex scan of extremity veins including responses to compression and other maneuvers; Complete bilateral study
R017Z,Facility,76700,CPT,true,1.0,"Ultrasound, abdominal, real time with image documentation; Complete"
R017Z,Facility,76802,CPT,true,1.0,"Ultrasound, pregnant uterus, real time with image documentation, fetal and maternal evaluation, first trimester (< 14 weeks 0 days), transabdominal approach; Each additional gestation (list separately in addition to code for primary procedure)"
R017Z,Facility,76514,CPT,true,1.0,"Ophthalmic ultrasound, diagnostic; Corneal pachymetry, unilateral or bilateral (determination of corneal thickness)"
R017Z,Facility,76511,CPT,true,1.0,"Ophthalmic ultrasound, diagnostic; Quantitative a-scan only"
R017Z,Facility,76886,CPT,true,1.0,"Ultrasound, infant hips, real time with imaging documentation; Static (not requiring physician or other qualified health care professional manipulation)"
R017Z,Facility,76885,CPT,true,1.0,"Ultrasound, infant hips, real time with imaging documentation; Dynamic (requiring physician or other qualified health care professional manipulation)"
R017Z,Professional,93975,CPT,false,1.0,"Duplex scan of arterial inflow and venous outflow of abdominal, pelvic, scrotal contents and/or retroperitoneal organs; Complete study"
R017Z,Facility,76813,CPT,true,1.0,"Ultrasound, pregnant uterus, real time with image documentation, first trimester fetal nuchal translucency measurement, transabdominal or transvaginal approach; Single or first gestation"
R017Z,Facility,76519,CPT,true,1.0,"Ophthalmic biometry by ultrasound echography, a-scan; With intraocular lens power calculation"
R017Z,Facility,76516,CPT,true,1.0,"Ophthalmic biometry by ultrasound echography, a-scan"
R017Z,Facility,76801,CPT,true,1.0,"Ultrasound, pregnant uterus, real time with image documentation, fetal and maternal evaluation, first trimester (< 14 weeks 0 days), transabdominal approach; Single or first gestation"
R017Z,Facility,76536,CPT,true,1.0,"Ultrasound, soft tissues of head and neck (e.g., thyroid, parathyroid, parotid), real time with image documentation"
R017Z,Facility,76817,CPT,true,1.0,"Ultrasound, pregnant uterus, real time with image documentation; Transvaginal"
R017Z,Professional,93926,CPT,false,1.0,Duplex scan of lower extremity arteries or arterial bypass grafts; Unilateral or limited study
R017Z,Professional,93880,CPT,false,1.0,Duplex scan of extracranial arteries; Complete bilateral study
R017Z,Professional,93976,CPT,false,1.0,"Duplex scan of arterial inflow and venous outflow of abdominal, pelvic, scrotal contents and/or retroperitoneal organs; Limited study"
R017Z,Professional,93893,CPT,false,1.0,Transcranial doppler study of the intracranial arteries; Emboli detection with provocative maneuvers
R017Z,Professional,93990,CPT,false,1.0,Doppler flow testing
R017Z,Facility,76706,CPT,true,1.0,"Ultrasound, abdominal aorta, real time with image documentation, screening study for abdominal aortic aneurysm (AAA)"
R017Z,Facility,76816,CPT,true,1.0,"Ultrasound, pregnant uterus, real time with image documentation, follow-up (e.g., re-evaluation of fetal size by measuring standard growth parameters and amniotic fluid volume, re-evaluation of organ system(s) previously found to be abnormal on a prior scan), transabdominal approach, per fetus"
R017Z,Facility,76870,CPT,true,1.0,"Ultrasound, scrotum and contents"
R017Z,Facility,76510,CPT,true,1.0,"Ophthalmic ultrasound, diagnostic; B-scan and quantitative a-scan performed during the same patient encounter"
R017Z,Facility,76810,CPT,true,1.0,"Ultrasound, pregnant uterus, real time with image documentation, fetal and maternal evaluation, after first trimester (>= 14 weeks 0 days), transabdominal approach; Each additional gestation (list separately in addition to code for primary procedure)"
R017Z,Facility,76800,CPT,true,1.0,"Ultrasound, spinal canal and contents"
R017Z,Facility,76831,CPT,true,1.0,"Saline infusion sonohysterography (sis), including color flow doppler, when performed"
R017Z,Facility,76825,CPT,true,1.0,"Echocardiography, fetal, cardiovascular system, real time with image documentation (2d), with or without m-mode recording; Complete"
R017Z,Facility,76512,CPT,true,1.0,"Ophthalmic ultrasound, diagnostic; B-scan (with or without superimposed non-quantitative a-scan)"
R017Z,Professional,93931,CPT,false,1.0,Duplex scan of upper extremity arteries or arterial bypass grafts; Unilateral or limited study
R019Z,Facility,73660,CPT,true,1.0,"X-ray of two or more toes, minimum of two views"
R019Z,Facility,74022,CPT,true,1.0,"X-ray of abdomen and chest, multiple angles"
R019Z,Facility,73522,CPT,true,1.0,"Bilateral hip x-ray with pelvis, 3-4 views"
R019Z,Facility,72220,CPT,true,1.0,X-ray of sacrum and coccyx with 2+ views
R019Z,Facility,70220,CPT,true,1.0,"X-ray sinuses, paranasal, complete, minimum of 3 views"
R019Z,Facility,72100,CPT,true,1.0,X-ray imaging of lower back from 2-3 angles
R019Z,Facility,77075,CPT,true,1.0,"Radiologic examination, osseous survey; Complete (axial and appendicular skeleton)"
R019Z,Facility,72081,CPT,true,1.0,"Radiologic spine thoracic through sacral imaging, including skull, 1 view"
R019Z,Facility,73592,CPT,true,1.0,"X-ray of infant lower extremity, min. 2 views"
R019Z,Facility,73120,CPT,true,1.0,Radiographic imaging of hands in two projections
R019Z,Facility,73560,CPT,true,1.0,"X-ray imaging of knee, one or two views"
R019Z,Facility,73020,CPT,true,1.0,"X-ray of shoulder joint, 1 image taken"
R019Z,Facility,74019,CPT,true,1.0,"X-ray, abdomen; 2 views"
R019Z,Facility,72040,CPT,true,1.0,"Radiographic imaging of the neck spine, two to three views"
R019Z,Facility,72080,CPT,true,1.0,"X-ray imaging of thoracolumbar spine, minimum of 2 views"
R019Z,Facility,73620,CPT,true,1.0,"X-ray of feet, two projection angles"
R019Z,Facility,73562,CPT,true,1.0,X-ray of knee with 3 imaging views
R019Z,Facility,71101,CPT,true,1.0,"X-ray, ribs, unilateral; Including posteroanterior chest, minimum of 3 views"
R019Z,Facility,72072,CPT,true,1.0,"X-ray imaging of thoracic spine, 3 view angles"
R019Z,Facility,70140,CPT,true,1.0,X-ray of facial bones using less than 3 views
R019Z,Facility,73090,CPT,true,1.0,"X-ray of forearm, two-angle views"
R019Z,Facility,72084,CPT,true,1.0,"Radiographic imaging of skull to sacrum of spine, minimum 6 views"
R019Z,Facility,73650,CPT,true,1.0,X-ray of the calcaneus bones in at least two views
R019Z,Facility,74240,CPT,true,1.0,"X-ray, upper gastrointestinal tract; Single-contrast (e.g., barium) study"
R019Z,Facility,70260,CPT,true,1.0,X-ray of skull using at least 4 views
R019Z,Facility,70360,CPT,true,1.0,Soft tissue radiologic neck imaging
R019Z,Facility,71120,CPT,true,1.0,Digital x-ray imaging of sternum from multiple angles
R019Z,Facility,73610,CPT,true,1.0,Ankle x-ray with 3 views
R019Z,Facility,72070,CPT,true,1.0,Two-view radiographic imaging of thoracic spine
R019Z,Facility,74018,CPT,true,1.0,X-ray of abdomen with 1 image
R019Z,Facility,72120,CPT,true,1.0,Two or three radiographic spine bending views of lumbosacral area
R019Z,Facility,73070,CPT,true,1.0,"X-ray of elbow, two-view series"
R019Z,Facility,77072,CPT,true,1.0,Bone age studies
R019Z,Facility,70330,CPT,true,1.0,"X-ray of TMJ in open and closed position, both sides"
R019Z,Facility,73600,CPT,true,1.0,Radiographic imaging of ankle using two angles
R019Z,Facility,73564,CPT,true,1.0,Knee x-ray 4+ views for comprehensive evaluation
R019Z,Facility,73110,CPT,true,1.0,"Radiological imaging of wrist, 3+ views"
R019Z,Facility,72083,CPT,true,1.0,X-ray of cranio-cervicothoraco-lumbosacral spine with 4-5 views
R019Z,Facility,71111,CPT,true,1.0,Bilateral rib x-ray with pa chest and 4 views
R019Z,Facility,73092,CPT,true,1.0,"X-ray imaging of infant arms, minimum of 2 views"
R019Z,Facility,72050,CPT,true,1.0,X-ray of cervical spine in 4-5 views
R019Z,Facility,71130,CPT,true,1.0,X-ray imaging of sternoclavicular joints from 3 angles
R019Z,Facility,72170,CPT,true,1.0,X-ray imaging of the pelvic region from one or two angles
R019Z,Facility,77073,CPT,true,1.0,Radiographic measurement of bone length
R019Z,Facility,73523,CPT,true,1.0,"Bilateral hip radiographic imaging with pelvis, 5+ views"
R019Z,Facility,77076,CPT,true,1.0,Radiological imaging to examine bones of infant
R019Z,Facility,71046,CPT,true,1.0,Radiographic imaging of chest; Two projections
R019Z,Facility,73080,CPT,true,1.0,Three-view x-ray of elbow
R019Z,Facility,73100,CPT,true,1.0,X-ray of wrist in two positions
R019Z,Facility,73501,CPT,true,1.0,"X-ray of hip and pelvis, one view, unilateral"
R019Z,Facility,72114,CPT,true,1.0,X-ray of lumbosacral spine with 6 views during bending
R019Z,Facility,72190,CPT,true,1.0,"X-ray of pelvis, 3-view imaging study"
R019Z,Facility,70200,CPT,true,1.0,Radiographic imaging of the orbital region with at least 4 views
R019Z,Facility,71048,CPT,true,1.0,X-ray imaging of chest with 4+ views
R019Z,Facility,73502,CPT,true,1.0,"Radiographic evaluation of hip with pelvis on 1 side, 2-3 images"
R019Z,Facility,73030,CPT,true,1.0,Two-view x-ray imaging of shoulder for diagnosis
R019Z,Facility,73000,CPT,true,1.0,X-ray imaging of both clavicles
R019Z,Facility,74021,CPT,true,1.0,X-ray of abdomen with 3+ views
R019Z,Facility,70100,CPT,true,1.0,"X-ray of partial mandible, fewer than four views"
R019Z,Facility,76010,CPT,true,1.0,"X-ray to locate foreign body, nose through rectum"
R019Z,Facility,73521,CPT,true,1.0,"Bilateral hip x-ray with pelvis, 2 views"
R019Z,Facility,71045,CPT,true,1.0,X-ray of chest for viewing single structure
R019Z,Facility,74220,CPT,true,1.0,"X-ray, esophagus, single-contrast (e.g., barium) study"
R019Z,Facility,77074,CPT,true,1.0,"Radiologic examination, osseous survey; Limited (e.g., for metastases)"
R019Z,Facility,73630,CPT,true,1.0,"X-ray of foot, 3+ views"
R019Z,Facility,73590,CPT,true,1.0,2-view x-ray of tibia and fibula
R019Z,Facility,73565,CPT,true,1.0,Standing anteroposterior knee x-ray of both knees
R019Z,Facility,72110,CPT,true,1.0,X-ray imaging of lower spine from 4 angles
R019Z,Facility,71047,CPT,true,1.0,X-ray of chest using three x-ray views
R019Z,Facility,73140,CPT,true,1.0,Radiographic imaging of finger(s) with 2 or more views
R019Z,Facility,72020,CPT,true,1.0,Single view spine x-ray at specified level
R019Z,Facility,73130,CPT,true,1.0,"X-ray imaging of the hand, requiring 3 views"
R019Z,Facility,72082,CPT,true,1.0,"Radiologic scan of full spine from skull to sacrum, 2-3 views"
R020Z,Facility,78430,CPT,true,1.0,"Myocardial perfusion imaging, positron emission tomography (PET), rest and/or stress, without CT"
R020Z,Facility,78433,CPT,true,1.0,"Myocardial perfusion imaging, PET, rest and stress, with or without pharmacologic stress"
R020Z,Facility,78431,CPT,true,1.0,"Myocardial perfusion imaging, PET, rest and/or stress, with CT transmission scan"
R021Z,Professional,93017,CPT,false,0.04487013750146903,"Cardiovascular stress test using maximal or submaximal treadmill or bicycle exercise, continuous electrocardiographic monitoring, and/or pharmacological stress; Tracing only, without interpretation and report"
R021Z,Facility,93041,CPT,true,1.0,"Rhythm ECG, 1-3 leads; Tracing only without interpretation and report"
R021Z,Facility,93005,CPT,true,1.0,"Electrocardiogram, routine ECG; Tracing only"
R021Z,Professional,93016,CPT,false,0.8695652173913043,"Cardiovascular stress test using maximal or submaximal treadmill or bicycle exercise, continuous electrocardiographic monitoring, and/or pharmacological stress; Supervision only, without interpretation and report"
R021Z,Professional,93010,CPT,false,1.0,"Electrocardiogram, routine ECG; Interpretation & report only"
R021Z,Professional,93015,CPT,false,0.8333333333333334,"Cardiovascular stress test using maximal or submaximal treadmill or bicycle exercise, continuous electrocardiographic monitoring, and/or pharmacological stress; With supervision, interpretation and report"
R0220,Facility,78070,CPT,true,1.0,"Parathyroid planar imaging, single phase; Tc-99m sestamibi or tetrofosmin"
R0220,Facility,78072,CPT,true,1.0,"Parathyroid scintigraphy, tomographic (SPECT), with or without concurrent CT transmission scan"
R0220,Facility,78071,CPT,true,1.0,"Parathyroid planar imaging, dual phase (early and delayed)"
SP03Z,Facility,0370,Rev Code,false,1.0,General
SP03Z,Facility,58571,CPT,true,1.0,Minimally-invasive surgery with complete hysterectomy and removal of reproductive organs
SP03Z,Facility,58262,CPT,true,1.0,"Open total abdominal hysterectomy (with/without tubes/ovaries); Abdominal supracervical hysterectomy; Vaginal hysterectomy variants (with/without oophorectomy, with colpo-urethropexy, with repair)"
SP03Z,Facility,58542,CPT,true,1.0,Minimally-invasive laparoscopic supracervical hysterectomy for uterus 250g or less with salpingo-oophorectomy
SP03Z,Facility,J1100,HCPCS,false,0.9756451511136349,"Injection, dexamethasone sodium phosphate, 1 MG"
SP03Z,Facility,J2405,HCPCS,false,0.9756451511136349,"Injection, ondansetron hydrochloride, per 1 MG"
SP03Z,Facility,58260,CPT,true,1.0,"Vaginal hysterectomy, for uterus 250 g or less"
SP03Z,Facility,J1885,HCPCS,false,0.9756451511136349,"Injection, ketorolac tromethamine, per 15 MG"
SP03Z,Facility,0272,Rev Code,false,1.0,Sterile
SP03Z,Facility,58552,CPT,true,1.0,Surgical laparoscopy with vaginal hysterectomy and ovarian/tubal removal for uterus under 250 g
SP03Z,Professional,00944,CPT,false,1.0,"Anesthesia for vaginal procedures (including biopsy of labia, vagina, cervix or endometrium); Vaginal hysterectomy"
SP03Z,Facility,J2704,HCPCS,false,0.9756451511136349,"Injection, propofol, 10 MG"
SP03Z,Facility,J2250,HCPCS,false,0.9756451511136349,"Injection, midazolam hydrochloride, per 1 MG"
SP03Z,Facility,58270,CPT,true,1.0,"Vaginal hysterectomy variants (with/without oophorectomy, with colpo-urethropexy, with repair)"
SP03Z,Facility,58573,CPT,true,1.0,"Laparoscopic surgical total hysterectomy for uterus over 250g, with oophorectomy/salpingectomy"
SP03Z,Facility,58570,CPT,true,1.0,Minimally invasive surgery for uterus removal of 250g or less
SP03Z,Professional,00840,CPT,false,0.9193237911797455,Anesthesia for intraperitoneal procedures in lower abdomen including laparoscopy; Not otherwise specified
SP03Z,Facility,0250,Rev Code,false,1.0,General
SP03Z,Facility,J0690,HCPCS,false,0.9756451511136349,"Injection, cefazolin sodium, 500 MG"
SP03Z,Facility,88307,CPT,false,0.9045891433739247,"Level v - surgical pathology, gross and microscopic examination"
SP03Z,Facility,J3010,HCPCS,false,0.9756451511136349,"Injection, fentanyl citrate, 0.1 MG"
SP03Z,Facility,58150,CPT,true,1.0,Open total abdominal hysterectomy (with/without tubes/ovaries)
SP03Z,Facility,0710,Rev Code,false,1.0,General
SP03Z,Facility,J7120,HCPCS,false,0.9756451511136349,"Ringers lactate infusion, up to 1000 CC"
SP04Z,Facility,0370,Rev Code,false,1.0,General
SP04Z,Facility,58559,CPT,true,1.0,"Hysteroscopy, surgical; With lysis of intrauterine adhesions (any method)"
SP04Z,Facility,81025,CPT,false,0.6461568550752983,"Urine pregnancy test, by visual color comparison"
SP04Z,Facility,J2704,HCPCS,false,0.9642675532955213,"Injection, propofol, 10 MG"
SP04Z,Facility,58558,CPT,true,1.0,"Surgical hysteroscopy with biopsy, polypectomy, and d&c"
SP04Z,Facility,58563,CPT,true,1.0,Surgical hysteroscopy with endometrial ablation
SP04Z,Facility,0250,Rev Code,false,0.9976139252884804,General
SP04Z,Facility,J3010,HCPCS,false,0.9642675532955213,"Injection, fentanyl citrate, 0.1 MG"
SP04Z,Facility,J1885,HCPCS,false,0.9642675532955213,"Injection, ketorolac tromethamine, per 15 MG"
SP04Z,Facility,J2250,HCPCS,false,0.9642675532955213,"Injection, midazolam hydrochloride, per 1 MG"
SP04Z,Facility,88305,CPT,false,0.8677162787665428,"Level IV - surgical pathology, gross and microscopic examination"
SP04Z,Facility,J2405,HCPCS,false,0.9642675532955213,"Injection, ondansetron hydrochloride, per 1 MG"
SP04Z,Professional,00952,CPT,false,0.9976567228736322,"Anesthesia for vaginal procedures (including biopsy of labia, vagina, cervix or endometrium); Hysteroscopy and/or hysterosalpingography"
SP04Z,Facility,58560,CPT,true,1.0,"Hysteroscopy, surgical; With division or resection of intrauterine septum (any method)"
SP04Z,Facility,0710,Rev Code,false,1.0,General
SP04Z,Facility,58555,CPT,true,1.0,Diagnostic hysteroscopy
SP04Z,Facility,J1100,HCPCS,false,0.9642675532955213,"Injection, dexamethasone sodium phosphate, 1 MG"
SP04Z,Facility,58561,CPT,true,1.0,Hysteroscopy with endoscopic resection of uterine leiomyomata
SP04Z,Facility,0272,Rev Code,false,0.9434056978942564,Sterile
SP060,Facility,0250,Rev Code,false,1.0,General
SP060,Facility,J2250,HCPCS,false,0.9649229881486084,"Injection, midazolam hydrochloride, per 1 MG"
SP060,Facility,88302,CPT,false,0.8578831727995029,"Level II - surgical pathology, gross and microscopic examination"
SP060,Facility,J2405,HCPCS,false,0.9649229881486084,"Injection, ondansetron hydrochloride, per 1 MG"
SP060,Facility,0710,Rev Code,false,1.0,General
SP060,Facility,0370,Rev Code,false,1.0,General
SP060,Facility,J3010,HCPCS,false,0.9649229881486084,"Injection, fentanyl citrate, 0.1 MG"
SP060,Facility,J2704,HCPCS,false,0.9649229881486084,"Injection, propofol, 10 MG"
SP060,Facility,0272,Rev Code,false,1.0,Sterile
SP060,Facility,88305,CPT,false,0.8578831727995029,"Level IV - surgical pathology, gross and microscopic examination"
SP060,Facility,J7120,HCPCS,false,0.9649229881486084,"Ringers lactate infusion, up to 1000 CC"
SP060,Facility,J1885,HCPCS,false,0.9649229881486084,"Injection, ketorolac tromethamine, per 15 MG"
SP060,Facility,58662,CPT,true,1.0,"Minimally invasive laparoscopic surgery to remove tissue from ovaries, pelvic organs or abdominal wall"
SP060,Facility,J1100,HCPCS,false,0.9649229881486084,"Injection, dexamethasone sodium phosphate, 1 MG"
SP060,Facility,58661,CPT,true,1.0,Minimally invasive removal of ovarian and/or fallopian tube structures
SP060,Professional,00840,CPT,false,0.9544020757895286,Anesthesia for intraperitoneal procedures in lower abdomen including laparoscopy; Not otherwise specified
SP130,Facility,0272,Rev Code,false,1.0,Sterile
SP130,Facility,J2405,HCPCS,false,0.9475696340797378,"Injection, ondansetron hydrochloride, per 1 MG"
SP130,Professional,00851,CPT,false,1.0,Anesthesia for intraperitoneal procedures in lower abdomen including laparoscopy; Tubal ligation/transection
SP130,Facility,58670,CPT,true,1.0,"Laparoscopic oviduct fulguration, possibly with transection"
SP130,Facility,0250,Rev Code,false,1.0,General
SP130,Facility,J2250,HCPCS,false,0.9475696340797378,"Injection, midazolam hydrochloride, per 1 MG"
SP130,Facility,81025,CPT,false,0.8511742217367558,"Urine pregnancy test, by visual color comparison"
SP130,Facility,J2704,HCPCS,false,0.9475696340797378,"Injection, propofol, 10 MG"
SP130,Facility,J3010,HCPCS,false,0.9475696340797378,"Injection, fentanyl citrate, 0.1 MG"
SP130,Facility,J1885,HCPCS,false,0.9475696340797378,"Injection, ketorolac tromethamine, per 15 MG"
SP130,Facility,0370,Rev Code,false,1.0,General
SP130,Facility,58671,CPT,true,1.0,Laparoscopic occlusion of oviducts with device
SP130,Facility,0710,Rev Code,false,1.0,General
SP130,Facility,J7120,HCPCS,false,0.9475696340797378,"Ringers lactate infusion, up to 1000 CC"
SP130,Facility,J1100,HCPCS,false,0.9475696340797378,"Injection, dexamethasone sodium phosphate, 1 MG"
UP01Z,Facility,52500,CPT,true,1.0,Transurethral resection of bladder neck
UP01Z,Facility,0710,Rev Code,false,1.0,General
UP01Z,Facility,52276,CPT,true,1.0,Direct vision internal urethrotomy
UP01Z,Facility,J2704,HCPCS,false,0.9707391221736652,"Injection, propofol, 10 MG"
UP01Z,Facility,J1100,HCPCS,false,0.9707391221736652,"Injection, dexamethasone sodium phosphate, 1 MG"
UP01Z,Facility,J2405,HCPCS,false,0.9707391221736652,"Injection, ondansetron hydrochloride, per 1 MG"
UP01Z,Facility,0250,Rev Code,false,0.9403382101463044,General
UP01Z,Professional,00912,CPT,false,1.0,Anesthesia for transurethral procedures (including urethrocystoscopy); Transurethral resection of bladder tumor(s)
UP01Z,Facility,C1769,HCPCS,false,0.9540186205586167,Guide wire
UP01Z,Facility,J3010,HCPCS,false,0.9707391221736652,"Injection, fentanyl citrate, 0.1 MG"
UP01Z,Facility,0370,Rev Code,false,0.9754892646779404,General
UP01Z,Facility,52640,CPT,true,1.0,Transurethral resection of a postoperative bladder neck contracture
UP01Z,Professional,00910,CPT,false,1.0,Anesthesia for transurethral procedures (including urethrocystoscopy); Not otherwise specified
UP020,Facility,54162,CPT,true,1.0,Lysis or excision of penile post-circumcision adhesions
UP020,Professional,99213,CPT,false,0.5194805194805194,"Office or other outpatient visit, established patient; Low complexity medical decision making, 20-29 min"
UP020,Facility,0370,Rev Code,false,0.9821827540371617,General
UP020,Facility,0710,Rev Code,false,1.0,General
UP020,Facility,54163,CPT,true,1.0,Repair of incomplete circumcision
UP020,Facility,J2405,HCPCS,false,0.8825193020164598,"Injection, ondansetron hydrochloride, per 1 MG"
UP020,Facility,0250,Rev Code,false,0.9214344297067225,General
UP020,Facility,J1100,HCPCS,false,0.8825193020164598,"Injection, dexamethasone sodium phosphate, 1 MG"
UP020,Facility,54161,CPT,true,1.0,"Circumcision, surgical excision (not clamp or dorsal slit); 28 days or older"
UP020,Facility,J3010,HCPCS,false,0.8825193020164598,"Injection, fentanyl citrate, 0.1 MG"
UP020,Facility,J2704,HCPCS,false,0.8825193020164598,"Injection, propofol, 10 MG"
UP020,Professional,00920,CPT,false,1.0,Anesthesia for procedures on male genitalia (including open urethral procedures); Not otherwise specified
UP020,Professional,54150,CPT,false,0.9312452253628725,"Circumcision, using clamp or other device with regional dorsal penile or ring block"
UP03Z,Facility,J1100,HCPCS,false,0.8771303208222633,"Injection, dexamethasone sodium phosphate, 1 MG"
UP03Z,Facility,52315,CPT,true,0.3053979575295834,Cystourethroscopy with complicated stent removal
UP03Z,Facility,52354,CPT,true,1.0,"Cystourethroscopy, with ureteroscopy and/or pyeloscopy; With biopsy and/or fulguration of ureteral or renal pelvic lesion"
UP03Z,Facility,0250,Rev Code,false,0.9747617255220883,General
UP03Z,Facility,C2617,HCPCS,false,0.8921837179335717,"Stent, non-coronary, temporary, without delivery system"
UP03Z,Facility,52281,CPT,true,1.0,Cystourethroscopy with calibration and/or dilation of urethral stricture or stenosis
UP03Z,Facility,52214,CPT,true,1.0,"Cystourethroscopy with fulguration (including cryosurgery or laser surgery) of trigone, bladder neck, prostatic fossa, urethra, or periurethral glands"
UP03Z,Facility,0370,Rev Code,false,0.8165787933654055,General
UP03Z,Facility,88305,CPT,false,0.3851982712908446,"Level IV - surgical pathology, gross and microscopic examination"
UP03Z,Facility,52204,CPT,true,1.0,"Cystourethroscopy, with biopsy(s)"
UP03Z,Facility,52332,CPT,true,1.0,Cystourethroscopy with insertion of indwelling ureteral stent
UP03Z,Facility,J2704,HCPCS,false,0.8771303208222633,"Injection, propofol, 10 MG"
UP03Z,Facility,52001,CPT,true,1.0,Cystourethroscopy with irrigation and evacuation of multiple obstructing clots
UP03Z,Professional,74420,CPT,false,0.5521523019939368,"Urography, retrograde, with or without kub"
UP03Z,Professional,00912,CPT,false,0.9117517843741633,Anesthesia for transurethral procedures (including urethrocystoscopy); Transurethral resection of bladder tumor(s)
UP03Z,Facility,J2250,HCPCS,false,0.8771303208222633,"Injection, midazolam hydrochloride, per 1 MG"
UP03Z,Facility,0710,Rev Code,false,0.8846474032271802,General
UP03Z,Facility,82365,CPT,false,0.7683716559835811,Calculus; Infrared spectroscopy
UP03Z,Facility,52235,CPT,true,1.0,Cystourethroscopy with fulguration (TURBT) and/or resection of small bladder tumor(s)
UP03Z,Professional,00910,CPT,false,0.9091813173315461,Anesthesia for transurethral procedures (including urethrocystoscopy); Not otherwise specified
UP03Z,Facility,88307,CPT,false,0.3851982712908446,"Level v - surgical pathology, gross and microscopic examination"
UP03Z,Facility,52356,CPT,true,1.0,"Cystourethroscopy, with ureteroscopy and/or pyeloscopy; With lithotripsy including insertion of indwelling ureteral stent"
UP03Z,Facility,52000,CPT,true,0.3053979575295834,Cystourethroscopy (separate procedure)
UP03Z,Facility,52310,CPT,true,0.3053979575295834,Cystourethroscopy with simple stent removal
UP03Z,Facility,52352,CPT,true,1.0,Cystourethroscopy with ureteroscopy and/or pyeloscopy that includes the removal or manipulation of a calculus
UP03Z,Facility,52240,CPT,true,1.0,Cystourethroscopy with fulguration (TURBT) and/or resection of large bladder tumor(s)
UP03Z,Professional,00918,CPT,false,1.0,"Anesthesia for transurethral procedures (including urethrocystoscopy); With fragmentation, manipulation and/or removal of ureteral calculus"
UP03Z,Facility,J2405,HCPCS,false,0.8771303208222633,"Injection, ondansetron hydrochloride, per 1 MG"
UP03Z,Facility,52224,CPT,true,1.0,Cystourethroscopy with fulguration of minor (< 0.5 CM) lesion(s) with or without biopsy
UP03Z,Facility,J3010,HCPCS,false,0.8771303208222633,"Injection, fentanyl citrate, 0.1 MG"
UP03Z,Facility,52353,CPT,true,1.0,"Cystourethroscopy, with ureteroscopy and/or pyeloscopy; With lithotripsy"
UP03Z,Facility,52005,CPT,true,1.0,"Cystourethroscopy, with ureteral catheterization, with or without irrigation, instillation, or ureteropyelography, exclusive of radiologic service"
UP040,Facility,J2405,HCPCS,false,0.967626633986928,"Injection, ondansetron hydrochloride, per 1 MG"
UP040,Facility,0272,Rev Code,false,0.7790032679738562,Sterile
UP040,Facility,J0690,HCPCS,false,0.967626633986928,"Injection, cefazolin sodium, 500 MG"
UP040,Facility,J2704,HCPCS,false,0.967626633986928,"Injection, propofol, 10 MG"
UP040,Facility,0370,Rev Code,false,1.0,General
UP040,Professional,00920,CPT,false,1.0,Anesthesia for procedures on male genitalia (including open urethral procedures); Not otherwise specified
UP040,Facility,J3010,HCPCS,false,0.967626633986928,"Injection, fentanyl citrate, 0.1 MG"
UP040,Facility,55040,CPT,true,1.0,Excision of hydrocele; Unilateral
UP040,Facility,55041,CPT,true,1.0,Excision of hydrocele; Bilateral
UP040,Facility,J1100,HCPCS,false,0.967626633986928,"Injection, dexamethasone sodium phosphate, 1 MG"
UP040,Facility,0250,Rev Code,false,0.9974468954248366,General
UP040,Facility,0710,Rev Code,false,1.0,General
UP050,Facility,0250,Rev Code,false,0.9309363137916491,General
UP050,Professional,00914,CPT,false,1.0,Anesthesia for transurethral procedures (including urethrocystoscopy); Transurethral resection of prostate
UP050,Facility,52630,CPT,true,1.0,Repeat transurethral resection of the prostate (TURP)
UP050,Facility,0710,Rev Code,false,1.0,General
UP050,Facility,52601,CPT,true,1.0,Transurethral removal of prostate
UP050,Facility,88305,CPT,false,0.8013496415014761,"Level IV - surgical pathology, gross and microscopic examination"
UP050,Facility,J1100,HCPCS,false,0.9751687051876845,"Injection, dexamethasone sodium phosphate, 1 MG"
UP050,Facility,0370,Rev Code,false,0.9606178827498946,General
UP050,Facility,J2704,HCPCS,false,0.9751687051876845,"Injection, propofol, 10 MG"
UP050,Facility,0272,Rev Code,false,0.9207612821594264,Sterile
UP050,Facility,J2405,HCPCS,false,0.9751687051876845,"Injection, ondansetron hydrochloride, per 1 MG"
UP050,Facility,J3010,HCPCS,false,0.9751687051876845,"Injection, fentanyl citrate, 0.1 MG"
UP06Z,Facility,53460,CPT,true,1.0,"Urethromeatoplasty, with partial excision of distal urethral segment (richardson type procedure)"
UP06Z,Facility,J7120,HCPCS,false,0.8715116279069768,"Ringers lactate infusion, up to 1000 CC"
UP06Z,Facility,0272,Rev Code,false,0.736046511627907,Sterile
UP06Z,Facility,53450,CPT,true,1.0,"Urethromeatoplasty, with mucosal advancement"
UP06Z,Facility,J1100,HCPCS,false,0.8715116279069768,"Injection, dexamethasone sodium phosphate, 1 MG"
UP06Z,Facility,0710,Rev Code,false,1.0,General
UP06Z,Facility,J3010,HCPCS,false,0.8715116279069768,"Injection, fentanyl citrate, 0.1 MG"
UP06Z,Facility,53020,CPT,true,1.0,"Meatotomy, cutting of meatus (separate procedure); Except infant"
UP06Z,Facility,53520,CPT,true,1.0,"Closure of urethrostomy or urethrocutaneous fistula, male (separate procedure)"
UP06Z,Facility,0250,Rev Code,false,0.9375968992248062,General
UP06Z,Facility,53400,CPT,true,1.0,"Urethroplasty; First stage, for fistula, diverticulum, or stricture (e.g., johannsen type)"
UP06Z,Facility,53410,CPT,true,1.0,"Urethroplasty, 1-stage reconstruction of male anterior urethra"
UP06Z,Facility,J2250,HCPCS,false,0.8715116279069768,"Injection, midazolam hydrochloride, per 1 MG"
UP06Z,Facility,0370,Rev Code,false,1.0,General
UP06Z,Professional,00920,CPT,false,1.0,Anesthesia for procedures on male genitalia (including open urethral procedures); Not otherwise specified
UP06Z,Facility,C1769,HCPCS,false,0.736046511627907,Guide wire
UP06Z,Facility,J2704,HCPCS,false,0.8715116279069768,"Injection, propofol, 10 MG"
UP06Z,Facility,J0690,HCPCS,false,0.8715116279069768,"Injection, cefazolin sodium, 500 MG"
UP06Z,Facility,J2405,HCPCS,false,0.8715116279069768,"Injection, ondansetron hydrochloride, per 1 MG"
UP070,Facility,J2250,HCPCS,false,0.9855282199710564,"Injection, midazolam hydrochloride, per 1 MG"
UP070,Facility,86900,CPT,false,0.894356005788712,"Blood typing, serologic; ABO"
UP070,Facility,0710,Rev Code,false,1.0,General
UP070,Facility,J2405,HCPCS,false,0.9855282199710564,"Injection, ondansetron hydrochloride, per 1 MG"
UP070,Facility,50543,CPT,true,1.0,"Laparoscopy, surgical; Partial nephrectomy"
UP070,Facility,0370,Rev Code,false,1.0,General
UP070,Facility,88307,CPT,false,0.8581765557163531,"Level v - surgical pathology, gross and microscopic examination"
UP070,Facility,0250,Rev Code,false,0.9587554269175108,General
UP070,Facility,86901,CPT,false,0.894356005788712,"Blood typing, serologic; RH (d)"
UP070,Facility,0272,Rev Code,false,1.0,Sterile
UP070,Facility,J1100,HCPCS,false,0.9855282199710564,"Injection, dexamethasone sodium phosphate, 1 MG"
UP070,Professional,00862,CPT,false,1.0,"Anesthesia for extraperitoneal procedures in lower abdomen, including urinary tract; Renal procedures, including upper one-third of ureter, or donor nephrectomy"
UP070,Facility,J2704,HCPCS,false,0.9855282199710564,"Injection, propofol, 10 MG"
UP070,Facility,J3010,HCPCS,false,0.9855282199710564,"Injection, fentanyl citrate, 0.1 MG"
UP070,Facility,J0690,HCPCS,false,0.9855282199710564,"Injection, cefazolin sodium, 500 MG"
UP08Z,Facility,50080,CPT,true,1.0,"Percutaneous nephrolithotomy or pyelolithotomy, lithotripsy, stone extraction, antegrade ureteroscopy, antegrade stent placement and nephrostomy tube placement, when performed, including imaging guidance; Simple (e.g., stone[s] up to 2 CM in single location of kidney or renal pelvis, nonbranching stones)"
UP08Z,Facility,0370,Rev Code,false,1.0,General
UP08Z,Facility,J2250,HCPCS,false,1.0,"Injection, midazolam hydrochloride, per 1 MG"
UP08Z,Facility,50081,CPT,true,1.0,"Percutaneous nephrolithotomy or pyelolithotomy, lithotripsy, stone extraction, antegrade ureteroscopy, antegrade stent placement and nephrostomy tube placement, when performed, including imaging guidance; Complex (e.g., stone[s] > 2 CM, branching stones, stones in multiple locations, ureter stones, complicated anatomy)"
UP08Z,Facility,0250,Rev Code,false,1.0,General
UP08Z,Facility,J2704,HCPCS,false,1.0,"Injection, propofol, 10 MG"
UP08Z,Facility,J3010,HCPCS,false,1.0,"Injection, fentanyl citrate, 0.1 MG"
UP08Z,Facility,C2617,HCPCS,false,0.8530602888362497,"Stent, non-coronary, temporary, without delivery system"
UP08Z,Facility,82365,CPT,false,0.761175212042485,Calculus; Infrared spectroscopy
UP08Z,Facility,J1100,HCPCS,false,1.0,"Injection, dexamethasone sodium phosphate, 1 MG"
UP08Z,Facility,0710,Rev Code,false,1.0,General
UP08Z,Facility,J2405,HCPCS,false,1.0,"Injection, ondansetron hydrochloride, per 1 MG"
UP08Z,Professional,00862,CPT,false,1.0,"Anesthesia for extraperitoneal procedures in lower abdomen, including urinary tract; Renal procedures, including upper one-third of ureter, or donor nephrectomy"
UP08Z,Facility,50590,CPT,true,1.0,"Lithotripsy, extracorporeal shock wave"
UP08Z,Professional,00873,CPT,false,0.8414077775363894,"Anesthesia for lithotripsy, extracorporeal shock wave; Without water bath"
UP110,Facility,J2704,HCPCS,false,1.0,"Injection, propofol, 10 MG"
UP110,Facility,0272,Rev Code,false,0.7406878252882947,Sterile
UP110,Facility,55706,CPT,true,1.0,Biopsy of prostate; Saturation sampling for prostate mapping
UP110,Facility,J3010,HCPCS,false,1.0,"Injection, fentanyl citrate, 0.1 MG"
UP110,Professional,00400,CPT,false,1.0,"Anesthesia for procedures on the integumentary system on the extremities, anterior trunk and perineum; Not otherwise specified"
UP110,Professional,G0416,HCPCS,false,0.653846153846154,"Surgical pathology, gross and microscopic examinations, for prostate needle biopsy, any method"
UP110,Facility,0710,Rev Code,false,0.8515834949144471,General
UP110,Professional,00902,CPT,false,0.5850202429149798,Anesthesia for; Anorectal procedure
UP110,Facility,0370,Rev Code,false,0.8080076198251522,General
UP110,Facility,55700,CPT,true,1.0,"Biopsy of prostate; Needle or punch, single or multiple, any approach"
UP110,Facility,J2405,HCPCS,false,1.0,"Injection, ondansetron hydrochloride, per 1 MG"
UP110,Professional,76872,CPT,false,0.560718397254933,"Ultrasound, transrectal"
UP110,Facility,0250,Rev Code,false,0.906861244344661,General
UT01Z,Facility,36830,CPT,true,1.0,"Creation of arteriovenous fistula by other than direct arteriovenous anastomosis (separate procedure); Nonautogenous graft (e.g., biological collagen, thermoplastic graft)"
UT01Z,Facility,J2704,HCPCS,false,0.96571671629094,"Injection, propofol, 10 MG"
UT01Z,Facility,J3010,HCPCS,false,0.96571671629094,"Injection, fentanyl citrate, 0.1 MG"
UT01Z,Facility,J1644,HCPCS,false,0.96571671629094,"Injection, heparin sodium, per 1000 units"
UT01Z,Facility,J0690,HCPCS,false,0.96571671629094,"Injection, cefazolin sodium, 500 MG"
UT01Z,Facility,36832,CPT,true,1.0,"Revision, open, arteriovenous fistula; Without thrombectomy, autogenous or nonautogenous graft"
UT01Z,Facility,0370,Rev Code,false,0.9487452148022119,General
UT01Z,Facility,36831,CPT,true,1.0,"Thrombectomy, arteriovenous fistula, without revision, open"
UT01Z,Facility,C1768,HCPCS,false,0.9295831561037856,"Graft, vascular"
UT01Z,Facility,0710,Rev Code,false,0.9722245852828584,General
UT01Z,Facility,0250,Rev Code,false,0.906571671629094,General
UT01Z,Professional,01844,CPT,false,1.0,"Anesthesia for vascular shunt, or shunt revision, any type (e.g., dialysis)"
UT01Z,Facility,36821,CPT,true,1.0,"Arteriovenous anastomosis, open; Direct, any site (e.g., cimino type) (separate procedure)"
UT01Z,Facility,J2405,HCPCS,false,0.96571671629094,"Injection, ondansetron hydrochloride, per 1 MG"
UT02Z,Facility,90935,CPT,true,1.0,Hemodialysis procedure with single evaluation by a physician or other qualified health care professional
UT02Z,Professional,90945,CPT,false,1.0,"Dialysis procedure other than hemodialysis (e.g., peritoneal dialysis, hemofiltration, or other continuous renal replacement therapies), with single evaluation by a physician or other qualified health care professional"
UT02Z,Professional,99284,CPT,false,0.8277777777777778,Emergency department visit for moderate complexity evaluation and management with counseling/coordination of care
UT02Z,Professional,90966,CPT,false,0.5517241379310345,"End-stage renal disease (ESRD) related services for home dialysis per full month, for patients 20 years of age and older"
UT02Z,Professional,99214,CPT,false,0.5172413793103449,"Office or other outpatient visit, established patient; Moderate complexity medical decision making, 30-39 min"
UT02Z,Professional,93010,CPT,false,1.0,"Electrocardiogram, routine ECG; Interpretation & report only"
VE010,Facility,92004,CPT,true,1.0,"Ophthalmological services: medical examination and evaluation with initiation of diagnostic and treatment program; Comprehensive, new patient, 1 or more visits"
VE010,Facility,92014,CPT,true,1.0,"Ophthalmological services: medical examination and evaluation, with initiation or continuation of diagnostic and treatment program; Comprehensive, established patient, 1 or more visits"
VE010,Facility,92002,CPT,true,1.0,"Ophthalmological services: medical examination and evaluation with initiation of diagnostic and treatment program; Intermediate, new patient"
VE010,Facility,92012,CPT,true,1.0,"Ophthalmological services: medical examination and evaluation, with initiation or continuation of diagnostic and treatment program; Intermediate, established patient"
VP01Z,Facility,C1783,HCPCS,false,1.0,"Ocular implant, aqueous drainage assist device"
VP01Z,Professional,00140,CPT,false,0.881437125748503,Anesthesia for procedures on eye; Not otherwise specified
VP01Z,Facility,66984,CPT,true,1.0,Extracapsular cataract removal with intraocular lens insertion
VP01Z,Facility,0250,Rev Code,false,0.968977631201606,General
VP01Z,Facility,66982,CPT,true,1.0,Complex extracapsular cataract removal with insertion of IOL
VP01Z,Facility,0370,Rev Code,false,0.8853336201127999,General
VP01Z,Professional,00145,CPT,false,0.5517241379310345,Anesthesia for procedures on eye; Vitreoretinal surgery
VP01Z,Facility,66991,CPT,true,1.0,"Cataract removal with insertion of intraocular aqueous drainage device (migs,"
VP01Z,Facility,66940,CPT,true,1.0,"Removal of lens material, pars plana approach; Intracapsular cataract extraction with IOL; Cataract removal with insertion of intraocular aqueous drainage device"
VP01Z,Facility,J2250,HCPCS,false,0.8794904884810247,"Injection, midazolam hydrochloride, per 1 MG"
VP01Z,Facility,0710,Rev Code,false,0.8369443647834816,General
VP01Z,Professional,00142,CPT,false,1.0,Anesthesia for procedures on eye; Lens surgery
VP020,Facility,67040,CPT,true,1.0,"Vitrectomy, mechanical, pars plana approach; With endolaser panretinal photocoagulation"
VP020,Facility,J1100,HCPCS,false,0.9778371027048809,"Injection, dexamethasone sodium phosphate, 1 MG"
VP020,Facility,0710,Rev Code,false,0.9643378834433083,General
VP020,Facility,J3010,HCPCS,false,0.9778371027048809,"Injection, fentanyl citrate, 0.1 MG"
VP020,Facility,0370,Rev Code,false,0.9994711126781847,General
VP020,Facility,0250,Rev Code,false,1.0,General
VP020,Professional,00145,CPT,false,1.0,Anesthesia for procedures on eye; Vitreoretinal surgery
VP020,Facility,67108,CPT,true,1.0,"Repair of retinal detachment; With vitrectomy, with or without air/gas tamponade, endolaser, cryotherapy, drainage of subretinal fluid, or scleral buckling"
VP020,Facility,67036,CPT,true,1.0,"Vitrectomy, mechanical, pars plana approach"
VP020,Facility,67042,CPT,true,1.0,"Vitrectomy, mechanical, pars plana approach; With removal of internal limiting membrane"
VP020,Facility,J2250,HCPCS,false,0.9778371027048809,"Injection, midazolam hydrochloride, per 1 MG"
VP020,Facility,0272,Rev Code,false,0.977761547373193,Sterile
VP020,Facility,J2704,HCPCS,false,0.9778371027048809,"Injection, propofol, 10 MG"
VP030,Facility,66175,CPT,true,1.0,"Transluminal dilation of aqueous outflow canal (e.g., canaloplasty); With retention of device or stent"
VP030,Facility,J2405,HCPCS,false,0.866529351184346,"Injection, ondansetron hydrochloride, per 1 MG"
VP030,Facility,J2250,HCPCS,false,0.866529351184346,"Injection, midazolam hydrochloride, per 1 MG"
VP030,Facility,J2704,HCPCS,false,0.866529351184346,"Injection, propofol, 10 MG"
VP030,Professional,00142,CPT,false,0.7111111111111111,Anesthesia for procedures on eye; Lens surgery
VP030,Facility,0637,Rev Code,false,0.866529351184346,Self-administered Drugs
VP030,Facility,0710,Rev Code,false,0.8591143151390319,General
VP030,Facility,66172,CPT,true,1.0,Fistulization of sclera for glaucoma; Trabeculectomy ab externo with scarring from previous ocular surgery or trauma (includes injection of antifibrotic agents)
VP030,Professional,00140,CPT,false,1.0,Anesthesia for procedures on eye; Not otherwise specified
VP030,Facility,J3010,HCPCS,false,0.866529351184346,"Injection, fentanyl citrate, 0.1 MG"
VP030,Facility,0370,Rev Code,false,0.913697219361483,General
VP030,Facility,J1100,HCPCS,false,0.866529351184346,"Injection, dexamethasone sodium phosphate, 1 MG"
VP030,Facility,0250,Rev Code,false,0.9670442842430484,General
VP030,Facility,C1783,HCPCS,false,0.9581874356333676,"Ocular implant, aqueous drainage assist device"
VP030,Facility,66174,CPT,true,1.0,"Transluminal dilation of aqueous outflow canal (e.g., canaloplasty); Without retention of device or stent"
VP030,Facility,C1889,HCPCS,false,0.9581874356333676,"Implantable/insertable device, not otherwise classified"
VP030,Facility,J3490,HCPCS,false,0.866529351184346,Unclassified drugs
VP030,Facility,66179,CPT,true,1.0,"Aqueous shunt to extraocular equatorial plate reservoir, external approach; Without graft"
VP030,Facility,66170,CPT,true,1.0,Fistulization of sclera for glaucoma; Trabeculectomy ab externo in absence of previous surgery
VP030,Facility,J1580,HCPCS,false,0.866529351184346,"Injection, garamycin, gentamicin, up to 80 MG"
VP040,Facility,66821,CPT,true,1.0,"Discission of secondary membranous cataract (opacified posterior lens capsule and/or anterior hyaloid); Laser surgery (e.g., yag laser) (1 or more stages)"
